sample_id,target_class,class_label,image_path,rssi_dbm,snr_db,carrier_freq_ghz,bandwidth_mhz,doppler_shift_khz,phase_variance_rad,path_loss_db,spectral_kurtosis,papr_db,edge_density,aspect_ratio,spatial_entropy,color_moment_r_mean,color_moment_g_mean,color_moment_b_mean,color_moment_r_std,color_moment_g_std,color_moment_b_std,texture_contrast,texture_homogeneity,texture_energy
1,UAV_Drone,0,C:\Users\BHAKTI\OneDrive\Desktop\Quantum_Radio_Image_DataFusion\backend\data_storage\sample_images\sample_0001_uav_drone.png,-59.27,15.95,2.409,40.0,6.442,0.4423,88.06,4.561,7.87,0.6343,0.909,4.755,174.26,187.25,167.14,39.43,40.55,43.78,0.506,0.4296,0.3859
2,UAV_Drone,0,C:\Users\BHAKTI\OneDrive\Desktop\Quantum_Radio_Image_DataFusion\backend\data_storage\sample_images\sample_0002_uav_drone.png,-47.92,18.08,2.408,20.0,5.799,0.3719,80.25,4.538,10.72,0.6789,0.893,6.129,141.69,178.13,160.6,34.03,46.18,52.43,0.7371,0.4707,0.3319
3,UAV_Drone,0,C:\Users\BHAKTI\OneDrive\Desktop\Quantum_Radio_Image_DataFusion\backend\data_storage\sample_images\sample_0003_uav_drone.png,-70.13,13.62,2.409,40.0,4.903,0.3296,82.81,5.84,9.57,0.7515,1.111,5.717,150.65,152.38,206.49,40.93,42.54,55.08,0.6302,0.5468,0.3678
4,UAV_Drone,0,C:\Users\BHAKTI\OneDrive\Desktop\Quantum_Radio_Image_DataFusion\backend\data_storage\sample_images\sample_0004_uav_drone.png,-67.71,16.2,5.809,20.0,5.683,0.4171,91.39,2.318,9.49,0.687,0.984,5.837,130.19,171.7,195.36,50.87,41.89,43.15,0.6698,0.5532,0.3697
5,UAV_Drone,0,C:\Users\BHAKTI\OneDrive\Desktop\Quantum_Radio_Image_DataFusion\backend\data_storage\sample_images\sample_0005_uav_drone.png,-64.91,18.55,5.793,20.0,5.701,0.3953,86.04,4.918,8.06,0.7819,0.985,4.738,165.18,169.07,185.66,44.72,44.0,49.29,0.5178,0.4046,0.4342
6,UAV_Drone,0,C:\Users\BHAKTI\OneDrive\Desktop\Quantum_Radio_Image_DataFusion\backend\data_storage\sample_images\sample_0006_uav_drone.png,-62.1,9.81,2.391,40.0,4.699,0.4046,83.81,5.162,7.1,0.7714,1.11,6.116,146.36,196.04,168.97,45.52,58.14,42.06,0.6634,0.488,0.3198
7,UAV_Drone,0,C:\Users\BHAKTI\OneDrive\Desktop\Quantum_Radio_Image_DataFusion\backend\data_storage\sample_images\sample_0007_uav_drone.png,-70.53,16.77,5.809,40.0,1.836,0.3889,76.69,4.808,9.17,0.7635,1.083,6.346,198.09,170.13,186.91,33.36,52.14,55.8,0.6333,0.5294,0.423
8,UAV_Drone,0,C:\Users\BHAKTI\OneDrive\Desktop\Quantum_Radio_Image_DataFusion\backend\data_storage\sample_images\sample_0008_uav_drone.png,-60.76,19.89,2.411,20.0,4.603,0.5693,84.84,3.89,9.29,0.602,1.114,6.263,147.69,189.45,196.19,46.93,56.38,46.53,0.6446,0.4088,0.3011
9,UAV_Drone,0,C:\Users\BHAKTI\OneDrive\Desktop\Quantum_Radio_Image_DataFusion\backend\data_storage\sample_images\sample_0009_uav_drone.png,-62.42,17.86,5.797,20.0,5.847,0.6388,82.56,3.653,8.46,0.603,1.137,5.817,157.94,173.14,201.11,39.29,49.66,54.27,0.6858,0.4059,0.3192
10,UAV_Drone,0,C:\Users\BHAKTI\OneDrive\Desktop\Quantum_Radio_Image_DataFusion\backend\data_storage\sample_images\sample_0010_uav_drone.png,-58.09,16.87,5.813,20.0,3.504,0.4247,75.14,5.594,9.17,0.7666,1.146,5.249,145.93,182.73,197.71,45.09,68.12,51.43,0.8336,0.5563,0.3891
11,UAV_Drone,0,C:\Users\BHAKTI\OneDrive\Desktop\Quantum_Radio_Image_DataFusion\backend\data_storage\sample_images\sample_0011_uav_drone.png,-63.73,19.54,5.769,20.0,7.2,0.4168,78.79,3.233,8.93,0.6468,1.03,5.443,154.98,198.41,191.93,45.3,37.37,62.33,0.9043,0.5891,0.3997
12,UAV_Drone,0,C:\Users\BHAKTI\OneDrive\Desktop\Quantum_Radio_Image_DataFusion\backend\data_storage\sample_images\sample_0012_uav_drone.png,-61.92,18.27,5.798,20.0,4.217,0.3566,81.31,5.755,9.54,0.584,0.98,5.61,150.2,201.48,196.07,34.43,50.51,60.73,0.8232,0.3585,0.3209
13,UAV_Drone,0,C:\Users\BHAKTI\OneDrive\Desktop\Quantum_Radio_Image_DataFusion\backend\data_storage\sample_images\sample_0013_uav_drone.png,-55.03,13.67,2.386,20.0,4.484,0.401,93.23,5.179,7.38,0.5764,1.007,5.002,140.5,198.15,209.85,41.23,42.21,48.35,0.9548,0.5124,0.4046
14,UAV_Drone,0,C:\Users\BHAKTI\OneDrive\Desktop\Quantum_Radio_Image_DataFusion\backend\data_storage\sample_images\sample_0014_uav_drone.png,-63.11,16.74,5.823,40.0,5.438,0.5469,74.57,7.546,6.16,0.6679,1.091,5.912,150.66,171.88,182.6,38.46,50.1,50.14,0.6507,0.552,0.3684
15,UAV_Drone,0,C:\Users\BHAKTI\OneDrive\Desktop\Quantum_Radio_Image_DataFusion\backend\data_storage\sample_images\sample_0015_uav_drone.png,-57.53,19.02,2.356,40.0,6.467,0.277,74.68,4.464,9.89,0.8042,0.967,5.637,163.92,175.18,203.96,38.86,50.69,46.56,0.8054,0.4583,0.3132
16,UAV_Drone,0,C:\Users\BHAKTI\OneDrive\Desktop\Quantum_Radio_Image_DataFusion\backend\data_storage\sample_images\sample_0016_uav_drone.png,-51.48,20.76,2.404,40.0,3.834,0.5126,86.75,5.887,9.25,0.679,0.912,5.83,149.84,189.63,187.79,37.05,43.07,50.48,0.6636,0.4142,0.3646
17,UAV_Drone,0,C:\Users\BHAKTI\OneDrive\Desktop\Quantum_Radio_Image_DataFusion\backend\data_storage\sample_images\sample_0017_uav_drone.png,-60.65,14.47,5.818,40.0,4.52,0.5123,79.14,4.469,10.13,0.517,1.208,5.679,159.93,164.76,189.28,49.63,49.63,50.96,0.7289,0.3644,0.2994
18,UAV_Drone,0,C:\Users\BHAKTI\OneDrive\Desktop\Quantum_Radio_Image_DataFusion\backend\data_storage\sample_images\sample_0018_uav_drone.png,-63.89,18.33,5.762,40.0,5.519,0.4379,82.08,5.307,7.57,0.682,1.08,6.38,174.39,207.3,178.49,47.23,46.1,61.14,0.6392,0.4128,0.314
19,UAV_Drone,0,C:\Users\BHAKTI\OneDrive\Desktop\Quantum_Radio_Image_DataFusion\backend\data_storage\sample_images\sample_0019_uav_drone.png,-73.68,14.4,5.784,40.0,3.195,0.267,84.17,5.828,9.66,0.7394,1.197,6.08,158.02,173.9,185.77,43.77,38.42,50.05,0.7114,0.5021,0.3667
20,UAV_Drone,0,C:\Users\BHAKTI\OneDrive\Desktop\Quantum_Radio_Image_DataFusion\backend\data_storage\sample_images\sample_0020_uav_drone.png,-75.49,12.89,2.407,20.0,7.094,0.4204,82.28,4.705,9.25,0.5946,1.003,5.848,167.72,185.67,173.13,32.8,52.67,49.99,0.6452,0.6041,0.3569
21,UAV_Drone,0,C:\Users\BHAKTI\OneDrive\Desktop\Quantum_Radio_Image_DataFusion\backend\data_storage\sample_images\sample_0021_uav_drone.png,-55.51,16.77,5.808,20.0,6.411,0.5391,87.27,4.723,8.09,0.5415,1.193,6.154,157.94,178.0,157.44,39.08,53.01,53.89,0.7531,0.4788,0.3978
22,UAV_Drone,0,C:\Users\BHAKTI\OneDrive\Desktop\Quantum_Radio_Image_DataFusion\backend\data_storage\sample_images\sample_0022_uav_drone.png,-63.55,9.84,5.77,40.0,6.247,0.3156,86.02,5.603,7.37,0.6389,0.893,5.775,174.33,160.21,197.56,38.82,40.24,47.36,0.6165,0.4357,0.2781
23,UAV_Drone,0,C:\Users\BHAKTI\OneDrive\Desktop\Quantum_Radio_Image_DataFusion\backend\data_storage\sample_images\sample_0023_uav_drone.png,-51.19,16.64,2.399,40.0,3.72,0.4881,78.28,4.39,9.2,0.6362,0.873,6.75,155.34,165.6,157.12,47.11,39.07,48.17,0.8169,0.4022,0.3548
24,UAV_Drone,0,C:\Users\BHAKTI\OneDrive\Desktop\Quantum_Radio_Image_DataFusion\backend\data_storage\sample_images\sample_0024_uav_drone.png,-53.62,6.67,2.406,40.0,4.213,0.3683,75.51,7.056,9.56,0.6794,1.198,5.831,147.08,197.85,198.08,35.78,43.86,42.75,0.5817,0.5541,0.4646
25,UAV_Drone,0,C:\Users\BHAKTI\OneDrive\Desktop\Quantum_Radio_Image_DataFusion\backend\data_storage\sample_images\sample_0025_uav_drone.png,-69.69,18.75,5.788,40.0,3.289,0.3894,79.52,4.289,7.85,0.4798,1.102,5.956,158.73,178.56,194.1,37.66,41.8,51.17,0.7408,0.6435,0.4472
26,UAV_Drone,0,C:\Users\BHAKTI\OneDrive\Desktop\Quantum_Radio_Image_DataFusion\backend\data_storage\sample_images\sample_0026_uav_drone.png,-56.87,13.45,5.813,40.0,3.822,0.4408,76.57,5.902,6.51,0.6747,0.875,5.539,160.71,162.09,184.23,48.04,41.54,53.01,0.607,0.5224,0.4365
27,UAV_Drone,0,C:\Users\BHAKTI\OneDrive\Desktop\Quantum_Radio_Image_DataFusion\backend\data_storage\sample_images\sample_0027_uav_drone.png,-75.59,13.31,5.789,20.0,6.606,0.4336,82.54,5.737,10.4,0.6704,1.034,5.562,168.82,170.22,185.21,45.26,51.21,34.75,0.7561,0.4584,0.4069
28,UAV_Drone,0,C:\Users\BHAKTI\OneDrive\Desktop\Quantum_Radio_Image_DataFusion\backend\data_storage\sample_images\sample_0028_uav_drone.png,-63.38,21.7,5.805,20.0,5.767,0.4215,92.06,5.56,8.24,0.7464,0.755,5.894,171.56,152.82,207.16,44.03,42.51,51.8,0.9471,0.4945,0.3649
29,UAV_Drone,0,C:\Users\BHAKTI\OneDrive\Desktop\Quantum_Radio_Image_DataFusion\backend\data_storage\sample_images\sample_0029_uav_drone.png,-64.53,13.1,2.39,40.0,5.265,0.5408,84.41,4.818,9.49,0.783,0.967,5.629,151.71,189.46,204.6,50.32,51.05,38.21,0.7481,0.3953,0.3192
30,UAV_Drone,0,C:\Users\BHAKTI\OneDrive\Desktop\Quantum_Radio_Image_DataFusion\backend\data_storage\sample_images\sample_0030_uav_drone.png,-61.06,19.84,5.766,20.0,4.074,0.4424,75.25,7.89,8.66,0.6888,1.107,5.992,163.36,163.14,197.07,53.29,53.07,57.56,0.6689,0.4008,0.3425
31,UAV_Drone,0,C:\Users\BHAKTI\OneDrive\Desktop\Quantum_Radio_Image_DataFusion\backend\data_storage\sample_images\sample_0031_uav_drone.png,-61.69,20.88,5.768,20.0,6.499,0.5057,78.5,6.137,5.72,0.6616,1.095,6.308,147.72,152.46,186.09,35.25,44.11,47.96,0.5881,0.5444,0.3406
32,UAV_Drone,0,C:\Users\BHAKTI\OneDrive\Desktop\Quantum_Radio_Image_DataFusion\backend\data_storage\sample_images\sample_0032_uav_drone.png,-56.06,9.12,5.787,20.0,4.014,0.3985,75.36,8.031,8.57,0.6811,1.017,5.879,157.83,166.4,181.8,41.8,41.74,43.72,0.7306,0.4596,0.4402
33,UAV_Drone,0,C:\Users\BHAKTI\OneDrive\Desktop\Quantum_Radio_Image_DataFusion\backend\data_storage\sample_images\sample_0033_uav_drone.png,-76.58,20.87,5.832,40.0,4.778,0.4432,80.47,5.035,9.13,0.7467,0.861,5.655,158.96,182.28,178.41,41.46,45.18,43.77,0.6472,0.4879,0.3422
34,UAV_Drone,0,C:\Users\BHAKTI\OneDrive\Desktop\Quantum_Radio_Image_DataFusion\backend\data_storage\sample_images\sample_0034_uav_drone.png,-59.25,12.29,2.417,40.0,5.548,0.4769,84.67,4.803,9.89,0.5935,1.094,6.037,155.36,179.89,171.23,47.54,43.89,44.86,0.8249,0.4237,0.2655
35,UAV_Drone,0,C:\Users\BHAKTI\OneDrive\Desktop\Quantum_Radio_Image_DataFusion\backend\data_storage\sample_images\sample_0035_uav_drone.png,-70.56,18.92,2.424,20.0,3.996,0.2797,78.73,6.269,8.46,0.6531,1.182,6.662,170.08,165.66,183.73,34.27,45.6,38.22,0.7752,0.6404,0.3931
36,UAV_Drone,0,C:\Users\BHAKTI\OneDrive\Desktop\Quantum_Radio_Image_DataFusion\backend\data_storage\sample_images\sample_0036_uav_drone.png,-64.58,18.61,5.792,20.0,4.025,0.4405,87.9,7.032,9.72,0.5327,0.866,5.55,160.39,182.76,179.11,43.12,40.47,44.33,0.5793,0.4061,0.2689
37,UAV_Drone,0,C:\Users\BHAKTI\OneDrive\Desktop\Quantum_Radio_Image_DataFusion\backend\data_storage\sample_images\sample_0037_uav_drone.png,-67.37,20.71,2.397,40.0,5.466,0.4276,83.07,5.868,6.68,0.6796,0.941,5.124,174.81,169.72,193.64,43.08,42.99,59.85,0.7153,0.3554,0.326
38,UAV_Drone,0,C:\Users\BHAKTI\OneDrive\Desktop\Quantum_Radio_Image_DataFusion\backend\data_storage\sample_images\sample_0038_uav_drone.png,-59.25,18.63,5.794,20.0,4.009,0.414,85.72,5.395,6.9,0.7104,1.093,6.024,176.21,187.51,196.89,41.58,35.03,50.58,0.7408,0.5017,0.2734
39,UAV_Drone,0,C:\Users\BHAKTI\OneDrive\Desktop\Quantum_Radio_Image_DataFusion\backend\data_storage\sample_images\sample_0039_uav_drone.png,-67.95,20.71,5.796,20.0,3.643,0.5103,81.52,4.688,9.56,0.5676,1.08,5.383,179.17,171.08,192.02,44.48,33.42,44.1,0.8244,0.5494,0.367
40,UAV_Drone,0,C:\Users\BHAKTI\OneDrive\Desktop\Quantum_Radio_Image_DataFusion\backend\data_storage\sample_images\sample_0040_uav_drone.png,-69.42,18.84,2.405,20.0,4.776,0.4266,88.39,4.631,10.19,0.8639,0.976,5.622,181.8,198.69,182.16,39.48,43.31,39.93,0.6281,0.3997,0.3039
41,UAV_Drone,0,C:\Users\BHAKTI\OneDrive\Desktop\Quantum_Radio_Image_DataFusion\backend\data_storage\sample_images\sample_0041_uav_drone.png,-62.19,17.44,2.381,20.0,4.47,0.4067,77.05,7.741,7.7,0.7734,1.215,5.172,161.11,167.24,181.02,45.33,41.26,45.02,0.7032,0.4501,0.2796
42,UAV_Drone,0,C:\Users\BHAKTI\OneDrive\Desktop\Quantum_Radio_Image_DataFusion\backend\data_storage\sample_images\sample_0042_uav_drone.png,-57.62,20.69,5.798,20.0,5.934,0.4362,72.91,6.902,10.66,0.631,0.973,5.914,165.02,184.88,220.15,40.94,40.21,39.72,0.6469,0.4773,0.4577
43,UAV_Drone,0,C:\Users\BHAKTI\OneDrive\Desktop\Quantum_Radio_Image_DataFusion\backend\data_storage\sample_images\sample_0043_uav_drone.png,-64.85,17.4,2.418,20.0,4.843,0.5259,75.21,3.397,9.06,0.6992,1.057,6.173,166.33,181.08,200.73,45.01,50.14,54.05,0.8732,0.4281,0.3788
44,UAV_Drone,0,C:\Users\BHAKTI\OneDrive\Desktop\Quantum_Radio_Image_DataFusion\backend\data_storage\sample_images\sample_0044_uav_drone.png,-64.04,13.17,5.831,40.0,5.212,0.4353,82.28,3.704,9.4,0.7316,1.28,5.677,163.29,178.74,213.66,41.43,46.67,51.65,0.7387,0.4443,0.3616
45,UAV_Drone,0,C:\Users\BHAKTI\OneDrive\Desktop\Quantum_Radio_Image_DataFusion\backend\data_storage\sample_images\sample_0045_uav_drone.png,-56.1,12.39,5.795,40.0,7.016,0.3816,82.77,5.604,7.87,0.6695,0.776,6.093,176.2,149.49,183.9,34.62,43.93,51.89,0.8187,0.5697,0.4286
46,UAV_Drone,0,C:\Users\BHAKTI\OneDrive\Desktop\Quantum_Radio_Image_DataFusion\backend\data_storage\sample_images\sample_0046_uav_drone.png,-63.22,11.91,2.363,40.0,4.12,0.4007,84.11,3.823,10.23,0.6734,1.154,5.937,166.85,183.55,196.72,45.86,52.97,49.18,0.7909,0.4728,0.4364
47,UAV_Drone,0,C:\Users\BHAKTI\OneDrive\Desktop\Quantum_Radio_Image_DataFusion\backend\data_storage\sample_images\sample_0047_uav_drone.png,-65.72,23.7,5.789,40.0,4.243,0.2927,85.39,4.502,9.69,0.6578,1.017,5.731,149.68,212.08,182.56,48.14,38.44,50.23,0.7679,0.4781,0.3157
48,UAV_Drone,0,C:\Users\BHAKTI\OneDrive\Desktop\Quantum_Radio_Image_DataFusion\backend\data_storage\sample_images\sample_0048_uav_drone.png,-63.45,14.89,2.394,40.0,4.857,0.5403,87.26,4.957,8.53,0.6967,0.775,5.701,149.77,159.98,185.78,52.79,48.85,44.57,0.7773,0.5919,0.4055
49,UAV_Drone,0,C:\Users\BHAKTI\OneDrive\Desktop\Quantum_Radio_Image_DataFusion\backend\data_storage\sample_images\sample_0049_uav_drone.png,-61.67,13.91,5.825,20.0,5.471,0.4292,87.7,4.982,10.08,0.7121,1.282,5.652,163.07,159.53,182.06,45.71,51.78,65.79,0.7103,0.4053,0.3952
50,UAV_Drone,0,C:\Users\BHAKTI\OneDrive\Desktop\Quantum_Radio_Image_DataFusion\backend\data_storage\sample_images\sample_0050_uav_drone.png,-68.2,18.76,2.392,20.0,3.106,0.3994,71.99,5.639,9.28,0.6413,1.209,5.31,138.03,178.37,205.71,52.1,42.25,54.47,0.7161,0.4662,0.403
51,UAV_Drone,0,C:\Users\BHAKTI\OneDrive\Desktop\Quantum_Radio_Image_DataFusion\backend\data_storage\sample_images\sample_0051_uav_drone.png,-58.41,10.19,5.774,40.0,2.941,0.5301,86.66,5.642,7.68,0.7059,0.985,5.14,159.24,172.65,205.94,28.59,46.41,41.07,0.7519,0.5099,0.3448
52,UAV_Drone,0,C:\Users\BHAKTI\OneDrive\Desktop\Quantum_Radio_Image_DataFusion\backend\data_storage\sample_images\sample_0052_uav_drone.png,-57.56,11.52,2.434,40.0,6.645,0.4162,84.86,5.285,6.96,0.7597,0.961,5.177,153.58,197.51,202.75,39.91,42.9,46.07,0.9277,0.5106,0.3758
53,UAV_Drone,0,C:\Users\BHAKTI\OneDrive\Desktop\Quantum_Radio_Image_DataFusion\backend\data_storage\sample_images\sample_0053_uav_drone.png,-56.33,17.46,5.79,40.0,4.853,0.4239,77.87,5.056,7.26,0.6648,1.074,5.564,160.14,177.09,196.79,41.2,51.52,35.39,1.0,0.4103,0.3742
54,UAV_Drone,0,C:\Users\BHAKTI\OneDrive\Desktop\Quantum_Radio_Image_DataFusion\backend\data_storage\sample_images\sample_0054_uav_drone.png,-67.16,19.08,2.392,20.0,4.287,0.3701,93.48,4.99,8.76,0.7496,1.079,5.86,165.47,211.05,189.14,43.21,51.3,54.63,0.8387,0.5311,0.2814
55,UAV_Drone,0,C:\Users\BHAKTI\OneDrive\Desktop\Quantum_Radio_Image_DataFusion\backend\data_storage\sample_images\sample_0055_uav_drone.png,-53.02,11.91,5.78,40.0,4.272,0.5004,80.49,5.575,10.22,0.7252,1.063,5.126,145.99,190.7,198.55,46.33,48.81,55.74,0.6939,0.4896,0.2883
56,UAV_Drone,0,C:\Users\BHAKTI\OneDrive\Desktop\Quantum_Radio_Image_DataFusion\backend\data_storage\sample_images\sample_0056_uav_drone.png,-69.03,9.93,2.417,20.0,2.212,0.3689,74.06,7.006,9.71,0.6249,1.29,6.193,155.13,137.51,224.36,33.66,35.13,54.14,0.964,0.5907,0.3838
57,UAV_Drone,0,C:\Users\BHAKTI\OneDrive\Desktop\Quantum_Radio_Image_DataFusion\backend\data_storage\sample_images\sample_0057_uav_drone.png,-58.73,19.91,2.426,20.0,4.904,0.3998,84.35,4.992,9.16,0.6773,0.906,5.452,145.24,189.56,180.74,30.53,47.38,57.09,0.7973,0.4317,0.2548
58,UAV_Drone,0,C:\Users\BHAKTI\OneDrive\Desktop\Quantum_Radio_Image_DataFusion\backend\data_storage\sample_images\sample_0058_uav_drone.png,-62.74,15.86,2.407,20.0,5.274,0.3719,83.92,3.448,9.03,0.6784,1.086,5.89,180.46,176.88,183.56,42.73,48.26,48.29,0.7241,0.4238,0.3102
59,UAV_Drone,0,C:\Users\BHAKTI\OneDrive\Desktop\Quantum_Radio_Image_DataFusion\backend\data_storage\sample_images\sample_0059_uav_drone.png,-69.71,23.5,2.404,20.0,5.118,0.4798,77.8,6.083,7.83,0.8256,0.921,5.896,148.27,208.34,171.43,45.15,40.59,45.88,0.7654,0.578,0.4474
60,UAV_Drone,0,C:\Users\BHAKTI\OneDrive\Desktop\Quantum_Radio_Image_DataFusion\backend\data_storage\sample_images\sample_0060_uav_drone.png,-70.45,17.57,5.789,20.0,4.996,0.3557,91.83,7.045,7.84,0.7255,1.215,5.648,156.95,166.27,174.78,38.1,37.66,48.2,0.643,0.4987,0.2566
61,UAV_Drone,0,C:\Users\BHAKTI\OneDrive\Desktop\Quantum_Radio_Image_DataFusion\backend\data_storage\sample_images\sample_0061_uav_drone.png,-60.18,19.83,5.795,40.0,2.954,0.4756,93.68,4.913,10.57,0.6877,0.938,5.404,169.44,161.28,191.22,51.5,43.16,55.88,0.5985,0.4373,0.2656
62,UAV_Drone,0,C:\Users\BHAKTI\OneDrive\Desktop\Quantum_Radio_Image_DataFusion\backend\data_storage\sample_images\sample_0062_uav_drone.png,-61.6,19.62,2.387,40.0,5.128,0.4354,80.15,5.347,8.32,0.7366,1.135,5.486,140.03,147.46,197.62,35.38,32.08,50.33,0.9693,0.4795,0.4003
63,UAV_Drone,0,C:\Users\BHAKTI\OneDrive\Desktop\Quantum_Radio_Image_DataFusion\backend\data_storage\sample_images\sample_0063_uav_drone.png,-61.55,16.1,2.407,40.0,7.202,0.4655,85.6,4.642,8.22,0.585,0.978,5.385,179.7,175.76,192.56,40.65,46.19,62.79,0.69,0.428,0.3818
64,UAV_Drone,0,C:\Users\BHAKTI\OneDrive\Desktop\Quantum_Radio_Image_DataFusion\backend\data_storage\sample_images\sample_0064_uav_drone.png,-75.89,16.76,2.384,20.0,5.222,0.4245,85.18,5.122,9.08,0.6852,0.783,5.424,157.84,156.85,199.0,51.18,52.31,46.72,0.8691,0.4919,0.3298
65,UAV_Drone,0,C:\Users\BHAKTI\OneDrive\Desktop\Quantum_Radio_Image_DataFusion\backend\data_storage\sample_images\sample_0065_uav_drone.png,-65.37,15.29,5.819,40.0,6.626,0.2973,87.47,5.749,11.25,0.5965,0.995,5.749,174.84,167.39,172.43,49.25,43.1,53.27,0.7962,0.4776,0.3395
66,UAV_Drone,0,C:\Users\BHAKTI\OneDrive\Desktop\Quantum_Radio_Image_DataFusion\backend\data_storage\sample_images\sample_0066_uav_drone.png,-64.15,16.44,2.435,40.0,5.753,0.3017,83.1,5.183,9.2,0.6896,0.903,6.279,157.62,174.59,176.0,39.34,39.69,46.96,0.8912,0.3702,0.2532
67,UAV_Drone,0,C:\Users\BHAKTI\OneDrive\Desktop\Quantum_Radio_Image_DataFusion\backend\data_storage\sample_images\sample_0067_uav_drone.png,-53.91,15.66,2.409,40.0,5.0,0.2921,79.56,5.103,9.61,0.7928,1.166,5.911,171.99,165.39,192.53,34.85,45.38,48.53,0.8922,0.4617,0.3554
68,UAV_Drone,0,C:\Users\BHAKTI\OneDrive\Desktop\Quantum_Radio_Image_DataFusion\backend\data_storage\sample_images\sample_0068_uav_drone.png,-60.7,14.68,2.398,20.0,4.913,0.3122,76.17,6.52,7.71,0.5962,1.084,6.274,170.78,189.94,178.65,33.47,54.01,46.06,0.6949,0.5863,0.3834
69,UAV_Drone,0,C:\Users\BHAKTI\OneDrive\Desktop\Quantum_Radio_Image_DataFusion\backend\data_storage\sample_images\sample_0069_uav_drone.png,-59.49,25.16,5.794,40.0,5.624,0.5364,92.8,6.02,9.21,0.6117,1.063,6.023,156.84,166.08,170.78,31.57,33.31,51.48,0.7348,0.4413,0.3301
70,UAV_Drone,0,C:\Users\BHAKTI\OneDrive\Desktop\Quantum_Radio_Image_DataFusion\backend\data_storage\sample_images\sample_0070_uav_drone.png,-60.84,15.84,5.815,40.0,4.368,0.4066,83.7,4.926,10.43,0.7193,1.108,6.065,177.6,177.72,170.55,44.4,41.09,44.83,0.7786,0.5791,0.3513
71,UAV_Drone,0,C:\Users\BHAKTI\OneDrive\Desktop\Quantum_Radio_Image_DataFusion\backend\data_storage\sample_images\sample_0071_uav_drone.png,-60.3,23.31,2.413,40.0,6.522,0.5649,85.74,5.562,9.58,0.6302,1.077,5.7,159.71,187.43,176.1,49.73,42.46,49.56,0.5799,0.5376,0.4368
72,UAV_Drone,0,C:\Users\BHAKTI\OneDrive\Desktop\Quantum_Radio_Image_DataFusion\backend\data_storage\sample_images\sample_0072_uav_drone.png,-64.83,12.06,2.433,40.0,7.95,0.3572,85.89,5.067,9.0,0.609,0.968,6.089,154.41,200.9,184.01,43.35,50.6,39.49,0.5439,0.3579,0.4258
73,UAV_Drone,0,C:\Users\BHAKTI\OneDrive\Desktop\Quantum_Radio_Image_DataFusion\backend\data_storage\sample_images\sample_0073_uav_drone.png,-65.04,26.73,5.789,40.0,5.164,0.5689,93.32,6.994,9.65,0.63,1.119,5.797,179.69,191.74,180.26,47.69,49.09,31.36,0.8001,0.4455,0.2968
74,UAV_Drone,0,C:\Users\BHAKTI\OneDrive\Desktop\Quantum_Radio_Image_DataFusion\backend\data_storage\sample_images\sample_0074_uav_drone.png,-66.64,15.96,5.815,40.0,5.859,0.3381,93.12,6.543,9.2,0.6619,0.905,5.651,176.33,203.27,213.15,39.07,38.28,48.85,0.5432,0.5059,0.3411
75,UAV_Drone,0,C:\Users\BHAKTI\OneDrive\Desktop\Quantum_Radio_Image_DataFusion\backend\data_storage\sample_images\sample_0075_uav_drone.png,-64.56,10.12,2.386,40.0,2.132,0.4046,90.34,3.977,8.44,0.6965,0.975,4.651,157.59,188.5,201.67,44.13,38.41,50.37,0.6627,0.5083,0.3573
76,UAV_Drone,0,C:\Users\BHAKTI\OneDrive\Desktop\Quantum_Radio_Image_DataFusion\backend\data_storage\sample_images\sample_0076_uav_drone.png,-67.37,12.93,2.418,40.0,3.969,0.4931,77.18,6.842,8.17,0.6783,0.93,4.83,173.26,186.05,185.78,42.4,48.1,38.62,0.6671,0.5435,0.2747
77,UAV_Drone,0,C:\Users\BHAKTI\OneDrive\Desktop\Quantum_Radio_Image_DataFusion\backend\data_storage\sample_images\sample_0077_uav_drone.png,-60.39,11.07,2.406,40.0,4.642,0.3553,80.11,4.731,7.85,0.7306,0.966,6.207,199.95,170.57,192.28,44.28,55.87,47.5,0.6371,0.3787,0.3465
78,UAV_Drone,0,C:\Users\BHAKTI\OneDrive\Desktop\Quantum_Radio_Image_DataFusion\backend\data_storage\sample_images\sample_0078_uav_drone.png,-64.47,24.54,5.833,40.0,4.487,0.4217,77.63,4.999,10.15,0.6283,0.924,5.607,145.7,176.84,214.37,43.94,43.49,46.25,0.5637,0.5506,0.3453
79,UAV_Drone,0,C:\Users\BHAKTI\OneDrive\Desktop\Quantum_Radio_Image_DataFusion\backend\data_storage\sample_images\sample_0079_uav_drone.png,-62.99,29.27,5.784,20.0,2.244,0.5248,78.59,3.186,8.74,0.709,1.184,6.275,168.05,186.48,187.12,34.69,45.71,53.9,0.7856,0.5467,0.3243
80,UAV_Drone,0,C:\Users\BHAKTI\OneDrive\Desktop\Quantum_Radio_Image_DataFusion\backend\data_storage\sample_images\sample_0080_uav_drone.png,-63.46,18.43,5.851,20.0,5.019,0.3436,84.54,7.469,7.22,0.6819,1.189,5.768,166.79,159.06,196.42,40.88,50.91,55.12,0.979,0.5264,0.3695
81,UAV_Drone,0,C:\Users\BHAKTI\OneDrive\Desktop\Quantum_Radio_Image_DataFusion\backend\data_storage\sample_images\sample_0081_uav_drone.png,-60.93,15.09,2.375,40.0,3.589,0.5646,84.1,4.866,6.15,0.6668,1.177,5.764,126.4,167.52,204.89,45.27,39.96,44.61,0.6789,0.427,0.2282
82,UAV_Drone,0,C:\Users\BHAKTI\OneDrive\Desktop\Quantum_Radio_Image_DataFusion\backend\data_storage\sample_images\sample_0082_uav_drone.png,-57.8,21.53,5.832,40.0,5.416,0.4523,81.85,4.206,8.89,0.5857,1.163,5.614,163.02,179.25,186.12,45.52,42.15,53.23,0.5854,0.4901,0.4663
83,UAV_Drone,0,C:\Users\BHAKTI\OneDrive\Desktop\Quantum_Radio_Image_DataFusion\backend\data_storage\sample_images\sample_0083_uav_drone.png,-67.5,13.79,2.39,40.0,6.533,0.4779,86.0,3.867,9.5,0.7018,1.098,5.413,162.25,149.43,155.85,42.84,51.6,49.52,0.7137,0.465,0.2934
84,UAV_Drone,0,C:\Users\BHAKTI\OneDrive\Desktop\Quantum_Radio_Image_DataFusion\backend\data_storage\sample_images\sample_0084_uav_drone.png,-63.22,18.19,5.811,40.0,5.862,0.3452,88.52,4.61,9.47,0.7094,1.241,5.711,154.76,174.71,185.45,46.8,35.3,41.68,0.6132,0.556,0.4526
85,UAV_Drone,0,C:\Users\BHAKTI\OneDrive\Desktop\Quantum_Radio_Image_DataFusion\backend\data_storage\sample_images\sample_0085_uav_drone.png,-62.57,15.82,2.389,20.0,2.769,0.3613,82.22,5.582,9.9,0.7012,1.097,6.061,200.31,147.85,179.68,50.84,42.89,53.31,0.743,0.6484,0.2832
86,UAV_Drone,0,C:\Users\BHAKTI\OneDrive\Desktop\Quantum_Radio_Image_DataFusion\backend\data_storage\sample_images\sample_0086_uav_drone.png,-55.28,23.5,2.428,40.0,6.131,0.4003,76.94,7.588,8.29,0.6899,1.086,5.817,185.43,165.66,192.92,37.55,37.08,44.33,0.7163,0.4457,0.3085
87,UAV_Drone,0,C:\Users\BHAKTI\OneDrive\Desktop\Quantum_Radio_Image_DataFusion\backend\data_storage\sample_images\sample_0087_uav_drone.png,-69.73,16.17,2.374,20.0,1.642,0.4036,82.04,6.393,7.81,0.7184,1.348,5.951,157.29,163.31,187.09,36.68,46.61,48.62,0.5038,0.4785,0.4146
88,UAV_Drone,0,C:\Users\BHAKTI\OneDrive\Desktop\Quantum_Radio_Image_DataFusion\backend\data_storage\sample_images\sample_0088_uav_drone.png,-64.2,13.89,2.43,40.0,3.949,0.4414,85.05,3.461,9.57,0.6414,1.038,6.445,173.45,170.97,176.63,29.09,40.69,46.73,0.6213,0.4695,0.3546
89,UAV_Drone,0,C:\Users\BHAKTI\OneDrive\Desktop\Quantum_Radio_Image_DataFusion\backend\data_storage\sample_images\sample_0089_uav_drone.png,-63.24,13.9,2.436,40.0,3.522,0.5141,71.6,5.427,9.41,0.7105,1.096,5.823,148.83,149.54,180.32,58.07,42.09,36.24,0.7933,0.5484,0.4272
90,UAV_Drone,0,C:\Users\BHAKTI\OneDrive\Desktop\Quantum_Radio_Image_DataFusion\backend\data_storage\sample_images\sample_0090_uav_drone.png,-59.41,19.88,5.785,20.0,4.598,0.5,77.98,6.732,8.2,0.7031,1.051,5.746,172.16,186.9,163.77,49.83,35.03,54.2,0.8327,0.3927,0.3254
91,UAV_Drone,0,C:\Users\BHAKTI\OneDrive\Desktop\Quantum_Radio_Image_DataFusion\backend\data_storage\sample_images\sample_0091_uav_drone.png,-68.08,15.64,5.805,40.0,2.261,0.307,89.28,5.034,7.64,0.7688,0.878,5.148,179.09,203.37,183.07,41.72,38.12,48.03,0.6724,0.4718,0.3746
92,UAV_Drone,0,C:\Users\BHAKTI\OneDrive\Desktop\Quantum_Radio_Image_DataFusion\backend\data_storage\sample_images\sample_0092_uav_drone.png,-68.04,15.05,5.783,20.0,4.268,0.4649,80.23,5.967,8.1,0.7738,1.064,5.757,166.72,151.44,173.1,34.84,45.86,58.4,0.9431,0.531,0.3801
93,UAV_Drone,0,C:\Users\BHAKTI\OneDrive\Desktop\Quantum_Radio_Image_DataFusion\backend\data_storage\sample_images\sample_0093_uav_drone.png,-71.91,14.33,5.783,20.0,5.468,0.3191,76.81,5.267,9.09,0.7569,0.801,5.731,143.38,171.92,225.01,43.75,50.4,59.76,0.8327,0.4442,0.2735
94,UAV_Drone,0,C:\Users\BHAKTI\OneDrive\Desktop\Quantum_Radio_Image_DataFusion\backend\data_storage\sample_images\sample_0094_uav_drone.png,-62.17,14.23,5.833,40.0,6.674,0.5069,82.59,5.539,8.03,0.7015,0.979,6.049,154.46,180.66,189.56,48.76,44.69,37.36,0.8462,0.4075,0.3108
95,UAV_Drone,0,C:\Users\BHAKTI\OneDrive\Desktop\Quantum_Radio_Image_DataFusion\backend\data_storage\sample_images\sample_0095_uav_drone.png,-65.28,22.0,2.396,20.0,5.609,0.5155,79.98,5.656,10.29,0.7733,0.995,5.746,175.05,210.0,192.88,53.74,43.55,53.71,0.8301,0.4472,0.3052
96,UAV_Drone,0,C:\Users\BHAKTI\OneDrive\Desktop\Quantum_Radio_Image_DataFusion\backend\data_storage\sample_images\sample_0096_uav_drone.png,-55.7,14.37,5.804,40.0,6.871,0.4963,85.08,5.998,9.12,0.6287,1.072,6.12,171.31,192.83,200.62,44.11,51.42,47.84,0.6318,0.467,0.3053
97,UAV_Drone,0,C:\Users\BHAKTI\OneDrive\Desktop\Quantum_Radio_Image_DataFusion\backend\data_storage\sample_images\sample_0097_uav_drone.png,-65.71,15.92,2.442,20.0,5.742,0.4224,85.65,4.69,8.24,0.7964,1.02,5.728,161.24,172.58,179.36,36.01,40.42,53.24,0.657,0.4676,0.392
98,UAV_Drone,0,C:\Users\BHAKTI\OneDrive\Desktop\Quantum_Radio_Image_DataFusion\backend\data_storage\sample_images\sample_0098_uav_drone.png,-63.53,19.03,2.403,40.0,6.243,0.4248,83.66,6.697,6.93,0.4384,1.042,6.52,178.58,178.14,182.63,46.84,39.16,50.86,0.7705,0.5648,0.5156
99,UAV_Drone,0,C:\Users\BHAKTI\OneDrive\Desktop\Quantum_Radio_Image_DataFusion\backend\data_storage\sample_images\sample_0099_uav_drone.png,-59.84,14.46,5.778,40.0,4.411,0.4468,76.32,4.511,8.52,0.7564,0.896,5.457,176.88,170.91,178.34,46.37,42.07,54.16,0.6536,0.4672,0.4067
100,UAV_Drone,0,C:\Users\BHAKTI\OneDrive\Desktop\Quantum_Radio_Image_DataFusion\backend\data_storage\sample_images\sample_0100_uav_drone.png,-63.24,19.52,5.785,20.0,5.21,0.2249,81.19,6.765,9.61,0.7572,1.168,5.835,162.96,165.74,185.26,45.69,52.22,47.16,0.675,0.48,0.3861
101,Ground_Vehicle,1,C:\Users\BHAKTI\OneDrive\Desktop\Quantum_Radio_Image_DataFusion\backend\data_storage\sample_images\sample_0101_ground_vehicle.png,-62.66,12.27,1.813,10.0,1.452,0.3541,72.24,3.483,7.23,0.5541,2.313,5.104,139.38,151.65,149.23,31.29,33.91,38.37,0.6929,0.6253,0.3516
102,Ground_Vehicle,1,C:\Users\BHAKTI\OneDrive\Desktop\Quantum_Radio_Image_DataFusion\backend\data_storage\sample_images\sample_0102_ground_vehicle.png,-44.71,18.11,1.792,10.0,1.262,0.2474,73.1,3.833,5.9,0.6319,1.737,5.12,123.07,109.25,127.71,47.06,39.92,31.9,0.5963,0.5516,0.4474
103,Ground_Vehicle,1,C:\Users\BHAKTI\OneDrive\Desktop\Quantum_Radio_Image_DataFusion\backend\data_storage\sample_images\sample_0103_ground_vehicle.png,-61.08,25.23,2.096,20.0,1.066,0.3204,77.25,3.517,6.28,0.5871,2.191,4.766,117.39,141.98,130.61,35.87,37.22,30.88,0.7541,0.4379,0.3786
104,Ground_Vehicle,1,C:\Users\BHAKTI\OneDrive\Desktop\Quantum_Radio_Image_DataFusion\backend\data_storage\sample_images\sample_0104_ground_vehicle.png,-54.62,14.76,2.102,20.0,1.023,0.3122,74.28,3.635,6.21,0.5337,1.718,5.319,123.07,144.72,146.96,36.63,34.15,25.51,0.762,0.4681,0.4624
105,Ground_Vehicle,1,C:\Users\BHAKTI\OneDrive\Desktop\Quantum_Radio_Image_DataFusion\backend\data_storage\sample_images\sample_0105_ground_vehicle.png,-50.17,20.1,1.81,10.0,1.17,0.3469,80.13,3.796,7.5,0.4618,1.692,4.955,150.03,147.86,132.22,36.41,43.84,31.15,0.5017,0.6261,0.4291
106,Ground_Vehicle,1,C:\Users\BHAKTI\OneDrive\Desktop\Quantum_Radio_Image_DataFusion\backend\data_storage\sample_images\sample_0106_ground_vehicle.png,-48.28,20.83,0.876,20.0,1.439,0.1841,76.54,5.419,5.57,0.5933,1.704,5.349,135.23,132.3,135.85,44.02,35.05,35.6,0.5036,0.483,0.4436
107,Ground_Vehicle,1,C:\Users\BHAKTI\OneDrive\Desktop\Quantum_Radio_Image_DataFusion\backend\data_storage\sample_images\sample_0107_ground_vehicle.png,-45.1,22.35,1.811,20.0,1.34,0.3171,72.86,4.303,5.66,0.5313,1.611,5.364,143.57,138.15,119.52,34.9,33.57,28.02,0.6505,0.4969,0.3417
108,Ground_Vehicle,1,C:\Users\BHAKTI\OneDrive\Desktop\Quantum_Radio_Image_DataFusion\backend\data_storage\sample_images\sample_0108_ground_vehicle.png,-62.06,14.91,0.883,10.0,1.031,0.2389,78.35,2.224,7.6,0.4952,2.011,5.205,123.55,135.12,138.24,35.53,38.92,41.88,0.4792,0.6632,0.4252
109,Ground_Vehicle,1,C:\Users\BHAKTI\OneDrive\Desktop\Quantum_Radio_Image_DataFusion\backend\data_storage\sample_images\sample_0109_ground_vehicle.png,-59.39,15.94,2.114,10.0,0.986,0.2583,54.91,4.127,5.61,0.5414,1.624,5.072,140.33,140.13,138.52,41.33,34.16,29.61,0.7062,0.6226,0.457
110,Ground_Vehicle,1,C:\Users\BHAKTI\OneDrive\Desktop\Quantum_Radio_Image_DataFusion\backend\data_storage\sample_images\sample_0110_ground_vehicle.png,-59.71,22.61,0.894,20.0,1.18,0.2497,73.55,4.078,6.36,0.5327,1.858,4.819,121.97,148.15,116.21,38.33,38.31,23.37,0.559,0.6336,0.3709
111,Ground_Vehicle,1,C:\Users\BHAKTI\OneDrive\Desktop\Quantum_Radio_Image_DataFusion\backend\data_storage\sample_images\sample_0111_ground_vehicle.png,-56.79,22.76,1.786,20.0,1.014,0.3676,64.54,3.321,7.01,0.7062,1.934,5.368,128.17,146.82,131.26,27.06,39.96,36.85,0.6923,0.5523,0.3722
112,Ground_Vehicle,1,C:\Users\BHAKTI\OneDrive\Desktop\Quantum_Radio_Image_DataFusion\backend\data_storage\sample_images\sample_0112_ground_vehicle.png,-67.86,21.6,0.888,10.0,1.128,0.2608,83.87,3.984,7.25,0.6266,1.943,5.494,127.59,133.3,116.8,37.2,39.89,34.29,0.7707,0.5496,0.4534
113,Ground_Vehicle,1,C:\Users\BHAKTI\OneDrive\Desktop\Quantum_Radio_Image_DataFusion\backend\data_storage\sample_images\sample_0113_ground_vehicle.png,-60.55,19.53,1.803,10.0,1.071,0.2764,76.5,4.419,5.9,0.5935,2.14,5.837,135.48,137.14,133.23,36.22,42.93,27.02,0.5948,0.4718,0.3694
114,Ground_Vehicle,1,C:\Users\BHAKTI\OneDrive\Desktop\Quantum_Radio_Image_DataFusion\backend\data_storage\sample_images\sample_0114_ground_vehicle.png,-51.74,24.08,0.898,10.0,1.012,0.3527,75.44,3.505,6.93,0.4557,1.94,4.84,118.77,121.73,143.35,31.85,43.67,29.32,0.4663,0.4718,0.4818
115,Ground_Vehicle,1,C:\Users\BHAKTI\OneDrive\Desktop\Quantum_Radio_Image_DataFusion\backend\data_storage\sample_images\sample_0115_ground_vehicle.png,-54.94,18.92,0.914,10.0,1.659,0.2958,72.02,4.179,8.0,0.5781,1.791,5.336,135.46,123.95,132.87,28.27,37.87,28.01,0.6233,0.5773,0.5427
116,Ground_Vehicle,1,C:\Users\BHAKTI\OneDrive\Desktop\Quantum_Radio_Image_DataFusion\backend\data_storage\sample_images\sample_0116_ground_vehicle.png,-49.54,26.19,1.792,10.0,1.374,0.275,75.02,3.958,6.07,0.6849,2.125,5.616,147.16,121.1,141.11,38.28,28.32,30.93,0.6449,0.6665,0.4562
117,Ground_Vehicle,1,C:\Users\BHAKTI\OneDrive\Desktop\Quantum_Radio_Image_DataFusion\backend\data_storage\sample_images\sample_0117_ground_vehicle.png,-59.19,27.44,0.906,10.0,1.135,0.3143,73.66,4.699,6.5,0.6195,1.626,5.192,132.91,142.7,125.57,34.34,40.13,29.82,0.4754,0.6725,0.4891
118,Ground_Vehicle,1,C:\Users\BHAKTI\OneDrive\Desktop\Quantum_Radio_Image_DataFusion\backend\data_storage\sample_images\sample_0118_ground_vehicle.png,-61.75,23.62,0.904,10.0,1.427,0.2756,72.67,3.603,7.43,0.4815,1.768,5.758,154.61,122.26,116.42,33.65,40.46,22.86,0.6151,0.5168,0.4863
119,Ground_Vehicle,1,C:\Users\BHAKTI\OneDrive\Desktop\Quantum_Radio_Image_DataFusion\backend\data_storage\sample_images\sample_0119_ground_vehicle.png,-64.06,21.35,2.092,20.0,1.215,0.1974,72.13,3.323,7.77,0.5506,2.15,5.316,145.73,139.97,145.26,29.23,36.57,30.02,0.7457,0.6549,0.42
120,Ground_Vehicle,1,C:\Users\BHAKTI\OneDrive\Desktop\Quantum_Radio_Image_DataFusion\backend\data_storage\sample_images\sample_0120_ground_vehicle.png,-61.75,22.62,1.793,20.0,1.202,0.3387,68.46,3.777,6.66,0.6841,1.869,5.483,141.56,156.31,127.13,44.35,26.07,36.29,0.542,0.5155,0.4485
121,Ground_Vehicle,1,C:\Users\BHAKTI\OneDrive\Desktop\Quantum_Radio_Image_DataFusion\backend\data_storage\sample_images\sample_0121_ground_vehicle.png,-50.63,23.3,1.801,10.0,0.312,0.2357,67.99,3.42,7.73,0.6813,1.873,5.087,144.64,111.63,117.34,23.39,30.67,28.16,0.753,0.3567,0.3992
122,Ground_Vehicle,1,C:\Users\BHAKTI\OneDrive\Desktop\Quantum_Radio_Image_DataFusion\backend\data_storage\sample_images\sample_0122_ground_vehicle.png,-50.28,22.56,0.901,20.0,1.898,0.1563,77.03,5.058,6.28,0.6583,2.253,5.111,130.95,129.22,123.88,30.92,31.5,37.99,0.5489,0.5681,0.4219
123,Ground_Vehicle,1,C:\Users\BHAKTI\OneDrive\Desktop\Quantum_Radio_Image_DataFusion\backend\data_storage\sample_images\sample_0123_ground_vehicle.png,-45.01,19.09,0.919,10.0,1.356,0.2346,77.56,4.224,5.04,0.5549,1.862,5.247,138.62,149.09,129.91,36.77,35.78,26.91,0.6229,0.6024,0.4754
124,Ground_Vehicle,1,C:\Users\BHAKTI\OneDrive\Desktop\Quantum_Radio_Image_DataFusion\backend\data_storage\sample_images\sample_0124_ground_vehicle.png,-50.78,26.07,2.1,10.0,0.894,0.2642,76.0,4.308,7.12,0.6441,2.086,5.121,154.51,136.8,134.04,33.06,32.63,37.22,0.901,0.5247,0.4808
125,Ground_Vehicle,1,C:\Users\BHAKTI\OneDrive\Desktop\Quantum_Radio_Image_DataFusion\backend\data_storage\sample_images\sample_0125_ground_vehicle.png,-55.96,20.96,1.812,10.0,1.017,0.2262,70.3,3.779,6.27,0.62,1.685,5.254,149.16,139.56,134.27,36.46,36.04,31.66,0.5686,0.5606,0.4058
126,Ground_Vehicle,1,C:\Users\BHAKTI\OneDrive\Desktop\Quantum_Radio_Image_DataFusion\backend\data_storage\sample_images\sample_0126_ground_vehicle.png,-44.72,24.08,2.095,10.0,1.148,0.3191,67.74,3.639,6.79,0.6219,1.997,4.943,135.98,145.49,147.47,38.52,39.95,32.42,0.7469,0.5787,0.3769
127,Ground_Vehicle,1,C:\Users\BHAKTI\OneDrive\Desktop\Quantum_Radio_Image_DataFusion\backend\data_storage\sample_images\sample_0127_ground_vehicle.png,-45.58,23.65,2.088,20.0,1.723,0.3014,75.2,4.233,8.1,0.6349,1.918,5.853,148.32,138.89,115.39,30.06,40.67,28.85,0.5293,0.4969,0.3856
128,Ground_Vehicle,1,C:\Users\BHAKTI\OneDrive\Desktop\Quantum_Radio_Image_DataFusion\backend\data_storage\sample_images\sample_0128_ground_vehicle.png,-48.9,20.4,2.091,20.0,1.808,0.3139,73.67,5.041,4.85,0.7332,1.967,4.915,143.81,155.57,131.37,26.18,34.53,37.2,0.6647,0.539,0.4854
129,Ground_Vehicle,1,C:\Users\BHAKTI\OneDrive\Desktop\Quantum_Radio_Image_DataFusion\backend\data_storage\sample_images\sample_0129_ground_vehicle.png,-49.56,24.1,0.895,10.0,1.173,0.2463,65.4,4.584,7.12,0.5551,2.163,5.224,117.83,134.73,149.59,31.65,37.38,35.72,0.6731,0.7215,0.3612
130,Ground_Vehicle,1,C:\Users\BHAKTI\OneDrive\Desktop\Quantum_Radio_Image_DataFusion\backend\data_storage\sample_images\sample_0130_ground_vehicle.png,-60.46,16.59,2.1,10.0,1.146,0.2686,73.8,3.611,6.32,0.5968,1.957,4.93,130.19,137.54,130.06,34.36,39.3,23.74,0.4872,0.5635,0.3899
131,Ground_Vehicle,1,C:\Users\BHAKTI\OneDrive\Desktop\Quantum_Radio_Image_DataFusion\backend\data_storage\sample_images\sample_0131_ground_vehicle.png,-48.69,25.45,0.886,10.0,0.979,0.2611,79.27,4.912,5.44,0.5441,2.338,5.095,99.85,138.55,143.5,35.03,39.58,36.69,0.5881,0.5136,0.4277
132,Ground_Vehicle,1,C:\Users\BHAKTI\OneDrive\Desktop\Quantum_Radio_Image_DataFusion\backend\data_storage\sample_images\sample_0132_ground_vehicle.png,-52.93,21.21,1.793,20.0,1.006,0.2587,81.03,2.743,8.81,0.5675,1.571,5.867,129.44,142.92,138.61,40.92,37.5,28.76,0.6397,0.5206,0.4325
133,Ground_Vehicle,1,C:\Users\BHAKTI\OneDrive\Desktop\Quantum_Radio_Image_DataFusion\backend\data_storage\sample_images\sample_0133_ground_vehicle.png,-44.23,23.87,0.892,20.0,1.14,0.1967,77.5,4.467,8.28,0.6109,1.85,4.845,152.9,142.97,132.32,33.73,34.41,35.44,0.5281,0.6638,0.4904
134,Ground_Vehicle,1,C:\Users\BHAKTI\OneDrive\Desktop\Quantum_Radio_Image_DataFusion\backend\data_storage\sample_images\sample_0134_ground_vehicle.png,-56.12,17.72,0.898,20.0,0.901,0.2084,72.34,3.257,6.77,0.6662,1.292,5.056,129.19,124.92,137.03,27.93,29.5,36.26,0.7551,0.5447,0.3591
135,Ground_Vehicle,1,C:\Users\BHAKTI\OneDrive\Desktop\Quantum_Radio_Image_DataFusion\backend\data_storage\sample_images\sample_0135_ground_vehicle.png,-58.23,24.83,2.098,10.0,1.614,0.3349,70.98,3.707,6.23,0.7017,1.779,5.841,144.77,145.78,134.42,36.97,26.36,30.61,0.6961,0.5466,0.3497
136,Ground_Vehicle,1,C:\Users\BHAKTI\OneDrive\Desktop\Quantum_Radio_Image_DataFusion\backend\data_storage\sample_images\sample_0136_ground_vehicle.png,-54.31,27.48,1.796,10.0,1.614,0.2617,75.33,3.229,8.32,0.6448,1.857,5.805,135.89,153.17,130.46,36.97,35.59,32.48,0.6353,0.5031,0.3999
137,Ground_Vehicle,1,C:\Users\BHAKTI\OneDrive\Desktop\Quantum_Radio_Image_DataFusion\backend\data_storage\sample_images\sample_0137_ground_vehicle.png,-55.3,21.87,2.094,20.0,0.984,0.2928,78.56,5.049,8.63,0.6672,1.726,5.093,143.87,146.24,149.54,47.4,47.34,39.47,0.6675,0.6445,0.5031
138,Ground_Vehicle,1,C:\Users\BHAKTI\OneDrive\Desktop\Quantum_Radio_Image_DataFusion\backend\data_storage\sample_images\sample_0138_ground_vehicle.png,-54.88,18.98,0.899,10.0,0.726,0.2418,68.9,3.914,7.32,0.632,2.07,5.68,142.29,162.65,131.43,34.13,39.04,30.92,0.7867,0.6292,0.4575
139,Ground_Vehicle,1,C:\Users\BHAKTI\OneDrive\Desktop\Quantum_Radio_Image_DataFusion\backend\data_storage\sample_images\sample_0139_ground_vehicle.png,-53.21,19.45,2.108,20.0,1.286,0.254,75.73,2.66,7.53,0.5256,2.003,5.05,110.44,141.57,131.04,39.41,43.78,41.56,0.6978,0.5695,0.3486
140,Ground_Vehicle,1,C:\Users\BHAKTI\OneDrive\Desktop\Quantum_Radio_Image_DataFusion\backend\data_storage\sample_images\sample_0140_ground_vehicle.png,-52.79,21.82,1.786,10.0,0.777,0.2859,81.13,3.225,7.47,0.5664,1.836,5.232,138.03,138.61,132.58,42.89,40.93,36.35,0.579,0.4878,0.4678
141,Ground_Vehicle,1,C:\Users\BHAKTI\OneDrive\Desktop\Quantum_Radio_Image_DataFusion\backend\data_storage\sample_images\sample_0141_ground_vehicle.png,-48.74,26.6,1.793,20.0,1.553,0.2735,69.6,3.144,5.67,0.5472,1.596,4.817,138.58,139.34,135.82,26.75,36.05,42.38,0.5865,0.6077,0.4608
142,Ground_Vehicle,1,C:\Users\BHAKTI\OneDrive\Desktop\Quantum_Radio_Image_DataFusion\backend\data_storage\sample_images\sample_0142_ground_vehicle.png,-48.81,21.63,0.898,10.0,1.791,0.2231,83.61,4.546,6.59,0.6595,1.607,4.911,127.7,133.65,117.32,41.12,34.71,33.76,0.5687,0.4226,0.4335
143,Ground_Vehicle,1,C:\Users\BHAKTI\OneDrive\Desktop\Quantum_Radio_Image_DataFusion\backend\data_storage\sample_images\sample_0143_ground_vehicle.png,-65.47,20.74,2.088,10.0,1.105,0.1838,67.31,3.834,6.57,0.7127,1.898,5.687,110.41,149.77,121.41,31.34,34.76,24.88,0.6599,0.5634,0.4333
144,Ground_Vehicle,1,C:\Users\BHAKTI\OneDrive\Desktop\Quantum_Radio_Image_DataFusion\backend\data_storage\sample_images\sample_0144_ground_vehicle.png,-48.68,26.76,2.09,20.0,1.231,0.3207,78.35,2.546,7.14,0.6758,1.772,4.999,129.96,121.94,131.51,35.15,36.99,34.08,0.5482,0.5691,0.4422
145,Ground_Vehicle,1,C:\Users\BHAKTI\OneDrive\Desktop\Quantum_Radio_Image_DataFusion\backend\data_storage\sample_images\sample_0145_ground_vehicle.png,-56.93,22.6,0.889,10.0,0.945,0.2536,79.72,3.906,7.55,0.5589,1.792,5.723,140.24,131.43,140.76,32.33,37.13,41.18,0.4912,0.5377,0.4404
146,Ground_Vehicle,1,C:\Users\BHAKTI\OneDrive\Desktop\Quantum_Radio_Image_DataFusion\backend\data_storage\sample_images\sample_0146_ground_vehicle.png,-49.41,16.28,1.801,20.0,1.379,0.2536,77.02,3.861,5.35,0.6522,2.146,5.458,121.9,132.36,107.71,42.98,34.22,43.67,0.796,0.4868,0.3846
147,Ground_Vehicle,1,C:\Users\BHAKTI\OneDrive\Desktop\Quantum_Radio_Image_DataFusion\backend\data_storage\sample_images\sample_0147_ground_vehicle.png,-51.2,14.33,1.796,20.0,0.985,0.2892,79.6,3.811,5.38,0.6047,1.794,5.68,152.15,157.57,123.26,44.95,37.75,40.13,0.5748,0.5291,0.4337
148,Ground_Vehicle,1,C:\Users\BHAKTI\OneDrive\Desktop\Quantum_Radio_Image_DataFusion\backend\data_storage\sample_images\sample_0148_ground_vehicle.png,-53.09,25.77,1.796,10.0,1.094,0.2688,75.7,3.755,7.9,0.4434,1.882,4.564,144.12,138.87,135.04,30.68,42.4,37.21,0.6725,0.5409,0.449
149,Ground_Vehicle,1,C:\Users\BHAKTI\OneDrive\Desktop\Quantum_Radio_Image_DataFusion\backend\data_storage\sample_images\sample_0149_ground_vehicle.png,-58.24,24.25,2.098,20.0,0.654,0.3066,67.66,3.228,5.87,0.4226,2.127,5.085,130.94,157.95,124.29,30.8,34.88,26.34,0.651,0.5238,0.3946
150,Ground_Vehicle,1,C:\Users\BHAKTI\OneDrive\Desktop\Quantum_Radio_Image_DataFusion\backend\data_storage\sample_images\sample_0150_ground_vehicle.png,-57.56,20.6,2.098,10.0,1.19,0.2844,71.74,3.729,6.77,0.4588,2.179,5.214,140.32,151.42,117.75,37.37,34.66,36.23,0.4285,0.5431,0.3899
151,Ground_Vehicle,1,C:\Users\BHAKTI\OneDrive\Desktop\Quantum_Radio_Image_DataFusion\backend\data_storage\sample_images\sample_0151_ground_vehicle.png,-51.41,22.79,0.889,20.0,0.857,0.1609,70.64,4.342,6.1,0.5792,1.705,4.524,126.89,148.08,101.56,36.26,30.07,35.04,0.6843,0.538,0.4115
152,Ground_Vehicle,1,C:\Users\BHAKTI\OneDrive\Desktop\Quantum_Radio_Image_DataFusion\backend\data_storage\sample_images\sample_0152_ground_vehicle.png,-58.84,15.89,1.799,20.0,1.164,0.2742,71.71,3.043,7.35,0.4878,2.021,4.849,125.97,122.4,123.98,39.88,38.58,36.89,0.667,0.4727,0.4035
153,Ground_Vehicle,1,C:\Users\BHAKTI\OneDrive\Desktop\Quantum_Radio_Image_DataFusion\backend\data_storage\sample_images\sample_0153_ground_vehicle.png,-58.68,26.06,1.799,10.0,1.014,0.3163,80.13,4.642,7.0,0.5604,1.448,4.74,156.2,117.97,120.59,40.72,37.05,36.64,0.6689,0.6529,0.4348
154,Ground_Vehicle,1,C:\Users\BHAKTI\OneDrive\Desktop\Quantum_Radio_Image_DataFusion\backend\data_storage\sample_images\sample_0154_ground_vehicle.png,-50.02,18.25,1.803,10.0,2.199,0.334,76.48,4.747,5.74,0.6967,2.185,5.457,156.38,120.12,123.71,31.32,39.61,26.75,0.6882,0.6459,0.4548
155,Ground_Vehicle,1,C:\Users\BHAKTI\OneDrive\Desktop\Quantum_Radio_Image_DataFusion\backend\data_storage\sample_images\sample_0155_ground_vehicle.png,-52.3,17.25,1.797,20.0,0.354,0.22,72.7,3.863,6.53,0.6103,1.935,5.735,133.86,154.33,141.05,46.47,35.36,29.9,0.7332,0.577,0.4841
156,Ground_Vehicle,1,C:\Users\BHAKTI\OneDrive\Desktop\Quantum_Radio_Image_DataFusion\backend\data_storage\sample_images\sample_0156_ground_vehicle.png,-49.7,12.99,0.883,20.0,1.623,0.3329,77.86,4.499,6.35,0.6713,2.255,5.495,125.29,130.37,125.5,32.18,35.64,35.16,0.6461,0.5642,0.4079
157,Ground_Vehicle,1,C:\Users\BHAKTI\OneDrive\Desktop\Quantum_Radio_Image_DataFusion\backend\data_storage\sample_images\sample_0157_ground_vehicle.png,-54.44,24.03,1.807,10.0,1.074,0.3329,77.97,3.067,8.02,0.6619,1.88,5.228,141.65,129.66,130.36,24.24,40.38,24.19,0.7553,0.5269,0.4094
158,Ground_Vehicle,1,C:\Users\BHAKTI\OneDrive\Desktop\Quantum_Radio_Image_DataFusion\backend\data_storage\sample_images\sample_0158_ground_vehicle.png,-57.77,19.91,2.092,20.0,1.126,0.2463,79.58,3.146,5.33,0.6644,2.101,4.923,130.21,129.0,133.92,43.66,39.51,37.18,0.6938,0.55,0.4742
159,Ground_Vehicle,1,C:\Users\BHAKTI\OneDrive\Desktop\Quantum_Radio_Image_DataFusion\backend\data_storage\sample_images\sample_0159_ground_vehicle.png,-49.53,26.47,0.911,20.0,1.492,0.4052,68.42,3.511,7.17,0.5762,1.634,5.593,162.84,142.35,119.15,27.26,37.29,37.52,0.6628,0.5498,0.3905
160,Ground_Vehicle,1,C:\Users\BHAKTI\OneDrive\Desktop\Quantum_Radio_Image_DataFusion\backend\data_storage\sample_images\sample_0160_ground_vehicle.png,-60.55,24.17,1.79,10.0,1.371,0.3007,81.08,3.158,8.03,0.5437,2.326,5.41,123.96,115.69,139.71,33.13,35.22,35.83,0.7109,0.6357,0.3613
161,Ground_Vehicle,1,C:\Users\BHAKTI\OneDrive\Desktop\Quantum_Radio_Image_DataFusion\backend\data_storage\sample_images\sample_0161_ground_vehicle.png,-45.44,18.8,1.79,10.0,0.62,0.2488,72.13,4.143,6.87,0.5384,1.814,5.228,109.46,145.5,118.24,29.23,27.56,23.03,0.498,0.5004,0.5177
162,Ground_Vehicle,1,C:\Users\BHAKTI\OneDrive\Desktop\Quantum_Radio_Image_DataFusion\backend\data_storage\sample_images\sample_0162_ground_vehicle.png,-57.16,21.68,2.116,10.0,0.967,0.4267,71.02,2.363,8.14,0.5217,1.77,4.809,130.7,129.92,138.12,35.4,32.59,36.98,0.6429,0.4208,0.466
163,Ground_Vehicle,1,C:\Users\BHAKTI\OneDrive\Desktop\Quantum_Radio_Image_DataFusion\backend\data_storage\sample_images\sample_0163_ground_vehicle.png,-52.89,26.28,2.109,10.0,1.877,0.1854,69.58,3.741,6.73,0.7181,1.545,5.377,152.87,167.26,125.15,37.46,38.85,32.98,0.6111,0.5805,0.2934
164,Ground_Vehicle,1,C:\Users\BHAKTI\OneDrive\Desktop\Quantum_Radio_Image_DataFusion\backend\data_storage\sample_images\sample_0164_ground_vehicle.png,-49.91,21.48,0.905,10.0,1.713,0.2446,78.64,3.66,5.84,0.4915,2.186,5.246,127.93,137.19,139.69,33.53,28.75,33.63,0.7288,0.6299,0.392
165,Ground_Vehicle,1,C:\Users\BHAKTI\OneDrive\Desktop\Quantum_Radio_Image_DataFusion\backend\data_storage\sample_images\sample_0165_ground_vehicle.png,-46.38,21.81,1.776,10.0,0.596,0.3113,73.46,5.618,7.6,0.6202,1.569,4.749,138.51,141.75,122.63,35.7,43.94,35.48,0.5173,0.5422,0.3798
166,Ground_Vehicle,1,C:\Users\BHAKTI\OneDrive\Desktop\Quantum_Radio_Image_DataFusion\backend\data_storage\sample_images\sample_0166_ground_vehicle.png,-56.33,19.43,0.895,10.0,1.146,0.2594,77.16,3.707,5.55,0.6539,2.455,5.02,131.13,108.21,146.22,39.56,27.33,21.68,0.4446,0.5952,0.4572
167,Ground_Vehicle,1,C:\Users\BHAKTI\OneDrive\Desktop\Quantum_Radio_Image_DataFusion\backend\data_storage\sample_images\sample_0167_ground_vehicle.png,-59.54,22.9,2.11,20.0,0.358,0.2223,76.76,3.673,6.42,0.5471,2.169,5.533,156.96,146.35,130.68,34.87,30.9,25.69,0.6657,0.4846,0.4306
168,Ground_Vehicle,1,C:\Users\BHAKTI\OneDrive\Desktop\Quantum_Radio_Image_DataFusion\backend\data_storage\sample_images\sample_0168_ground_vehicle.png,-47.31,18.47,0.891,10.0,0.675,0.2523,78.99,3.89,6.84,0.5746,2.237,5.678,143.94,137.96,130.47,37.65,33.39,36.69,0.5371,0.5774,0.3055
169,Ground_Vehicle,1,C:\Users\BHAKTI\OneDrive\Desktop\Quantum_Radio_Image_DataFusion\backend\data_storage\sample_images\sample_0169_ground_vehicle.png,-57.3,28.9,1.805,20.0,0.203,0.2899,70.97,2.416,8.49,0.5629,1.63,4.725,122.96,151.04,142.69,38.26,36.66,25.77,0.5543,0.4725,0.4486
170,Ground_Vehicle,1,C:\Users\BHAKTI\OneDrive\Desktop\Quantum_Radio_Image_DataFusion\backend\data_storage\sample_images\sample_0170_ground_vehicle.png,-60.38,18.29,2.095,10.0,1.486,0.2999,81.98,4.504,5.83,0.6764,1.919,5.44,152.6,126.66,129.57,32.34,28.16,33.73,0.846,0.4212,0.4184
171,Ground_Vehicle,1,C:\Users\BHAKTI\OneDrive\Desktop\Quantum_Radio_Image_DataFusion\backend\data_storage\sample_images\sample_0171_ground_vehicle.png,-50.16,21.47,2.093,10.0,1.245,0.3312,85.66,4.264,4.54,0.5773,1.861,5.528,137.22,155.04,134.7,42.79,33.81,32.72,0.6944,0.5099,0.3805
172,Ground_Vehicle,1,C:\Users\BHAKTI\OneDrive\Desktop\Quantum_Radio_Image_DataFusion\backend\data_storage\sample_images\sample_0172_ground_vehicle.png,-57.78,18.15,1.82,10.0,0.652,0.3952,67.27,3.857,5.64,0.5313,1.648,5.634,130.25,152.82,137.25,46.52,28.6,38.3,0.7232,0.4819,0.4704
173,Ground_Vehicle,1,C:\Users\BHAKTI\OneDrive\Desktop\Quantum_Radio_Image_DataFusion\backend\data_storage\sample_images\sample_0173_ground_vehicle.png,-51.98,20.14,0.882,20.0,0.777,0.3275,78.32,3.155,5.28,0.6192,1.891,5.552,126.59,149.12,142.65,34.52,38.08,33.91,0.5461,0.5872,0.5011
174,Ground_Vehicle,1,C:\Users\BHAKTI\OneDrive\Desktop\Quantum_Radio_Image_DataFusion\backend\data_storage\sample_images\sample_0174_ground_vehicle.png,-53.87,15.45,1.796,20.0,1.02,0.2299,78.2,2.566,6.23,0.6218,1.71,5.117,143.93,145.06,133.2,33.3,37.85,31.38,0.6612,0.5152,0.4109
175,Ground_Vehicle,1,C:\Users\BHAKTI\OneDrive\Desktop\Quantum_Radio_Image_DataFusion\backend\data_storage\sample_images\sample_0175_ground_vehicle.png,-59.94,20.87,1.81,20.0,0.965,0.3268,74.46,4.05,7.17,0.6106,1.797,5.062,133.18,126.32,138.62,30.99,30.7,31.93,0.6083,0.5675,0.3916
176,Ground_Vehicle,1,C:\Users\BHAKTI\OneDrive\Desktop\Quantum_Radio_Image_DataFusion\backend\data_storage\sample_images\sample_0176_ground_vehicle.png,-56.36,23.63,1.81,20.0,1.549,0.3559,82.18,2.678,7.71,0.5757,1.841,5.377,129.23,153.16,147.09,42.31,26.78,30.85,0.4458,0.4964,0.3001
177,Ground_Vehicle,1,C:\Users\BHAKTI\OneDrive\Desktop\Quantum_Radio_Image_DataFusion\backend\data_storage\sample_images\sample_0177_ground_vehicle.png,-51.3,21.83,2.104,10.0,1.443,0.1868,78.94,3.389,6.61,0.6437,1.767,5.466,122.54,151.5,134.1,34.56,36.65,25.57,0.6297,0.5401,0.357
178,Ground_Vehicle,1,C:\Users\BHAKTI\OneDrive\Desktop\Quantum_Radio_Image_DataFusion\backend\data_storage\sample_images\sample_0178_ground_vehicle.png,-58.03,20.51,2.098,20.0,1.157,0.2853,80.01,1.858,6.02,0.6102,2.043,5.053,126.81,154.64,139.55,39.29,33.66,37.57,0.4449,0.6292,0.4167
179,Ground_Vehicle,1,C:\Users\BHAKTI\OneDrive\Desktop\Quantum_Radio_Image_DataFusion\backend\data_storage\sample_images\sample_0179_ground_vehicle.png,-53.23,17.41,1.805,10.0,1.472,0.3298,78.95,4.099,7.37,0.6333,1.631,4.827,125.47,141.53,127.32,30.12,39.88,33.42,0.6352,0.5319,0.4011
180,Ground_Vehicle,1,C:\Users\BHAKTI\OneDrive\Desktop\Quantum_Radio_Image_DataFusion\backend\data_storage\sample_images\sample_0180_ground_vehicle.png,-59.05,24.55,0.913,10.0,1.021,0.3322,80.13,3.959,6.95,0.6293,2.097,5.213,129.0,147.77,107.7,39.55,32.45,30.8,0.7024,0.5209,0.4524
181,Ground_Vehicle,1,C:\Users\BHAKTI\OneDrive\Desktop\Quantum_Radio_Image_DataFusion\backend\data_storage\sample_images\sample_0181_ground_vehicle.png,-47.17,21.42,2.086,10.0,0.993,0.1997,74.88,3.258,6.7,0.5368,1.576,5.335,134.4,147.35,139.53,41.13,36.67,38.34,0.5322,0.6136,0.443
182,Ground_Vehicle,1,C:\Users\BHAKTI\OneDrive\Desktop\Quantum_Radio_Image_DataFusion\backend\data_storage\sample_images\sample_0182_ground_vehicle.png,-52.6,22.69,2.102,10.0,1.721,0.2745,66.9,3.291,7.18,0.5244,1.24,5.087,132.11,140.11,145.11,35.27,37.21,37.28,0.6209,0.6996,0.3568
183,Ground_Vehicle,1,C:\Users\BHAKTI\OneDrive\Desktop\Quantum_Radio_Image_DataFusion\backend\data_storage\sample_images\sample_0183_ground_vehicle.png,-59.6,23.33,0.914,20.0,1.207,0.3849,68.78,3.605,5.95,0.5357,1.996,4.962,125.11,149.56,135.41,36.75,32.74,38.47,0.6213,0.7166,0.4281
184,Ground_Vehicle,1,C:\Users\BHAKTI\OneDrive\Desktop\Quantum_Radio_Image_DataFusion\backend\data_storage\sample_images\sample_0184_ground_vehicle.png,-68.0,11.96,2.088,20.0,1.395,0.3732,60.35,4.375,7.29,0.613,1.898,5.287,150.4,146.47,132.6,40.7,38.09,34.57,0.788,0.5196,0.3442
185,Ground_Vehicle,1,C:\Users\BHAKTI\OneDrive\Desktop\Quantum_Radio_Image_DataFusion\backend\data_storage\sample_images\sample_0185_ground_vehicle.png,-53.57,21.82,2.112,10.0,1.87,0.3764,74.89,3.089,7.35,0.4259,1.344,5.317,106.86,124.22,125.44,31.39,35.26,37.56,0.6415,0.4912,0.4877
186,Ground_Vehicle,1,C:\Users\BHAKTI\OneDrive\Desktop\Quantum_Radio_Image_DataFusion\backend\data_storage\sample_images\sample_0186_ground_vehicle.png,-62.57,21.84,0.9,20.0,1.114,0.2477,79.88,3.939,5.94,0.6954,1.988,5.082,116.35,134.9,127.35,36.85,39.04,36.03,0.475,0.5646,0.412
187,Ground_Vehicle,1,C:\Users\BHAKTI\OneDrive\Desktop\Quantum_Radio_Image_DataFusion\backend\data_storage\sample_images\sample_0187_ground_vehicle.png,-37.93,21.25,2.098,10.0,0.532,0.3972,73.29,4.383,5.54,0.5496,1.952,5.237,144.9,132.77,109.0,40.61,31.32,34.53,0.6606,0.4335,0.4725
188,Ground_Vehicle,1,C:\Users\BHAKTI\OneDrive\Desktop\Quantum_Radio_Image_DataFusion\backend\data_storage\sample_images\sample_0188_ground_vehicle.png,-57.4,21.21,1.794,20.0,1.148,0.2705,70.61,2.976,8.96,0.5528,2.367,4.801,142.88,142.76,118.94,32.66,35.92,27.78,0.5969,0.3845,0.4556
189,Ground_Vehicle,1,C:\Users\BHAKTI\OneDrive\Desktop\Quantum_Radio_Image_DataFusion\backend\data_storage\sample_images\sample_0189_ground_vehicle.png,-46.64,22.73,0.901,10.0,1.58,0.372,79.52,3.91,8.68,0.536,1.828,5.189,133.77,127.17,111.0,37.09,32.83,41.54,0.6135,0.5324,0.4747
190,Ground_Vehicle,1,C:\Users\BHAKTI\OneDrive\Desktop\Quantum_Radio_Image_DataFusion\backend\data_storage\sample_images\sample_0190_ground_vehicle.png,-51.59,20.33,1.797,10.0,0.891,0.1861,79.64,3.994,5.59,0.4853,1.935,5.681,121.84,149.44,123.49,39.12,39.42,32.78,0.4549,0.5977,0.4451
191,Ground_Vehicle,1,C:\Users\BHAKTI\OneDrive\Desktop\Quantum_Radio_Image_DataFusion\backend\data_storage\sample_images\sample_0191_ground_vehicle.png,-51.54,21.74,0.906,20.0,1.166,0.2231,77.33,3.857,5.99,0.6206,1.97,4.957,134.67,146.57,119.7,37.83,37.51,27.0,0.6398,0.5756,0.3887
192,Ground_Vehicle,1,C:\Users\BHAKTI\OneDrive\Desktop\Quantum_Radio_Image_DataFusion\backend\data_storage\sample_images\sample_0192_ground_vehicle.png,-57.28,17.17,2.114,10.0,1.856,0.1848,70.35,4.132,6.2,0.5386,2.018,5.006,150.97,153.98,130.26,38.77,39.09,30.77,0.6975,0.6206,0.3724
193,Ground_Vehicle,1,C:\Users\BHAKTI\OneDrive\Desktop\Quantum_Radio_Image_DataFusion\backend\data_storage\sample_images\sample_0193_ground_vehicle.png,-53.08,21.54,1.806,20.0,1.107,0.2883,71.23,3.654,6.39,0.4971,2.126,5.001,125.01,121.65,98.37,38.51,39.97,37.97,0.6066,0.5275,0.3946
194,Ground_Vehicle,1,C:\Users\BHAKTI\OneDrive\Desktop\Quantum_Radio_Image_DataFusion\backend\data_storage\sample_images\sample_0194_ground_vehicle.png,-56.5,25.26,1.79,20.0,1.279,0.1935,63.68,4.98,6.09,0.6269,1.866,5.054,131.88,159.0,112.62,33.07,40.53,25.58,0.7386,0.6125,0.4336
195,Ground_Vehicle,1,C:\Users\BHAKTI\OneDrive\Desktop\Quantum_Radio_Image_DataFusion\backend\data_storage\sample_images\sample_0195_ground_vehicle.png,-57.02,15.64,0.903,20.0,1.606,0.352,74.33,2.886,7.71,0.5346,1.669,4.867,132.62,142.2,114.77,29.68,32.53,27.23,0.6233,0.5753,0.4312
196,Ground_Vehicle,1,C:\Users\BHAKTI\OneDrive\Desktop\Quantum_Radio_Image_DataFusion\backend\data_storage\sample_images\sample_0196_ground_vehicle.png,-52.65,27.35,0.893,10.0,1.273,0.344,72.23,3.581,6.72,0.6342,1.989,5.247,120.27,147.36,119.66,30.42,30.31,31.58,0.7291,0.4824,0.5039
197,Ground_Vehicle,1,C:\Users\BHAKTI\OneDrive\Desktop\Quantum_Radio_Image_DataFusion\backend\data_storage\sample_images\sample_0197_ground_vehicle.png,-48.54,15.43,0.888,20.0,0.984,0.2532,74.62,3.51,4.99,0.5528,1.783,5.422,126.62,160.14,107.06,41.56,34.88,36.3,0.6272,0.6298,0.4006
198,Ground_Vehicle,1,C:\Users\BHAKTI\OneDrive\Desktop\Quantum_Radio_Image_DataFusion\backend\data_storage\sample_images\sample_0198_ground_vehicle.png,-60.59,26.4,1.819,10.0,0.77,0.3411,78.24,4.319,7.53,0.5687,1.713,4.857,121.93,154.55,124.08,40.27,35.07,28.62,0.5215,0.5088,0.4909
199,Ground_Vehicle,1,C:\Users\BHAKTI\OneDrive\Desktop\Quantum_Radio_Image_DataFusion\backend\data_storage\sample_images\sample_0199_ground_vehicle.png,-60.51,29.04,2.104,20.0,1.116,0.2654,63.6,3.436,5.86,0.5375,1.82,5.535,137.49,143.69,116.85,30.6,44.99,28.32,0.7691,0.533,0.4201
200,Ground_Vehicle,1,C:\Users\BHAKTI\OneDrive\Desktop\Quantum_Radio_Image_DataFusion\backend\data_storage\sample_images\sample_0200_ground_vehicle.png,-47.58,25.83,2.117,20.0,1.221,0.284,59.08,4.005,7.24,0.6737,1.931,5.154,148.26,111.71,123.82,31.17,35.83,21.01,0.7388,0.5325,0.4359
201,Civil_Aircraft,2,C:\Users\BHAKTI\OneDrive\Desktop\Quantum_Radio_Image_DataFusion\backend\data_storage\sample_images\sample_0201_civil_aircraft.png,-73.55,18.42,9.389,25.0,10.176,0.1693,85.15,5.537,10.31,0.5022,2.231,5.116,197.88,204.57,238.71,28.06,24.14,24.3,0.5793,0.6494,0.5284
202,Civil_Aircraft,2,C:\Users\BHAKTI\OneDrive\Desktop\Quantum_Radio_Image_DataFusion\backend\data_storage\sample_images\sample_0202_civil_aircraft.png,-63.21,12.8,9.379,25.0,8.61,0.1461,93.91,5.478,9.7,0.6609,2.1,4.667,204.37,223.96,242.11,35.14,18.29,15.45,0.5003,0.7158,0.4161
203,Civil_Aircraft,2,C:\Users\BHAKTI\OneDrive\Desktop\Quantum_Radio_Image_DataFusion\backend\data_storage\sample_images\sample_0203_civil_aircraft.png,-94.55,16.0,2.694,25.0,9.424,0.1141,102.23,5.221,7.0,0.4724,2.342,4.734,193.27,202.95,240.59,27.68,26.97,24.36,0.5744,0.7008,0.5188
204,Civil_Aircraft,2,C:\Users\BHAKTI\OneDrive\Desktop\Quantum_Radio_Image_DataFusion\backend\data_storage\sample_images\sample_0204_civil_aircraft.png,-77.08,14.09,9.439,25.0,9.129,0.193,85.37,2.99,10.38,0.5197,2.63,4.361,210.2,238.69,243.36,31.11,28.03,18.72,0.6484,0.6133,0.5403
205,Civil_Aircraft,2,C:\Users\BHAKTI\OneDrive\Desktop\Quantum_Radio_Image_DataFusion\backend\data_storage\sample_images\sample_0205_civil_aircraft.png,-85.16,9.87,1.088,25.0,11.218,0.2377,98.47,7.743,7.81,0.5554,2.094,4.622,200.88,215.25,236.24,34.87,28.18,25.9,0.5034,0.7014,0.5313
206,Civil_Aircraft,2,C:\Users\BHAKTI\OneDrive\Desktop\Quantum_Radio_Image_DataFusion\backend\data_storage\sample_images\sample_0206_civil_aircraft.png,-77.01,8.46,9.383,50.0,11.064,0.1643,93.74,8.23,10.05,0.5354,2.028,5.057,233.97,228.81,243.97,32.88,26.69,23.65,0.512,0.6155,0.4889
207,Civil_Aircraft,2,C:\Users\BHAKTI\OneDrive\Desktop\Quantum_Radio_Image_DataFusion\backend\data_storage\sample_images\sample_0207_civil_aircraft.png,-77.32,13.14,9.369,25.0,6.302,0.1834,109.16,6.259,11.32,0.5921,2.466,4.687,215.41,217.5,239.98,31.32,27.98,22.12,0.4178,0.7075,0.5442
208,Civil_Aircraft,2,C:\Users\BHAKTI\OneDrive\Desktop\Quantum_Radio_Image_DataFusion\backend\data_storage\sample_images\sample_0208_civil_aircraft.png,-86.18,11.39,9.424,50.0,5.751,0.1403,104.54,7.139,10.51,0.5203,2.232,4.728,215.21,201.8,235.88,26.45,33.44,23.09,0.4091,0.6634,0.4878
209,Civil_Aircraft,2,C:\Users\BHAKTI\OneDrive\Desktop\Quantum_Radio_Image_DataFusion\backend\data_storage\sample_images\sample_0209_civil_aircraft.png,-78.62,11.69,1.056,25.0,6.851,0.1734,105.58,7.582,12.7,0.3838,2.041,5.38,186.99,237.91,241.18,30.74,22.88,23.2,0.6798,0.6471,0.4833
210,Civil_Aircraft,2,C:\Users\BHAKTI\OneDrive\Desktop\Quantum_Radio_Image_DataFusion\backend\data_storage\sample_images\sample_0210_civil_aircraft.png,-72.36,13.33,9.359,50.0,8.585,0.2577,84.44,5.57,6.63,0.4898,2.058,4.322,214.13,222.56,246.37,27.87,27.72,31.38,0.5398,0.6985,0.473
211,Civil_Aircraft,2,C:\Users\BHAKTI\OneDrive\Desktop\Quantum_Radio_Image_DataFusion\backend\data_storage\sample_images\sample_0211_civil_aircraft.png,-70.35,12.08,2.698,25.0,7.051,0.1383,91.68,5.735,8.92,0.4987,3.037,5.46,207.99,224.17,238.11,25.8,27.27,28.08,0.6445,0.7097,0.4194
212,Civil_Aircraft,2,C:\Users\BHAKTI\OneDrive\Desktop\Quantum_Radio_Image_DataFusion\backend\data_storage\sample_images\sample_0212_civil_aircraft.png,-76.88,8.86,9.386,25.0,5.921,0.1985,76.68,7.03,9.37,0.5066,2.368,4.36,180.87,224.69,250.53,23.04,23.79,28.01,0.5687,0.8278,0.5745
213,Civil_Aircraft,2,C:\Users\BHAKTI\OneDrive\Desktop\Quantum_Radio_Image_DataFusion\backend\data_storage\sample_images\sample_0213_civil_aircraft.png,-69.57,11.33,9.389,25.0,8.371,0.2281,100.4,5.95,10.8,0.4783,1.872,4.736,210.35,230.39,244.24,33.34,32.18,23.64,0.5282,0.7272,0.4374
214,Civil_Aircraft,2,C:\Users\BHAKTI\OneDrive\Desktop\Quantum_Radio_Image_DataFusion\backend\data_storage\sample_images\sample_0214_civil_aircraft.png,-72.21,11.49,1.054,25.0,4.485,0.1956,102.26,9.709,9.26,0.4759,1.734,4.417,217.35,227.2,229.2,39.86,29.31,26.84,0.7195,0.7544,0.5569
215,Civil_Aircraft,2,C:\Users\BHAKTI\OneDrive\Desktop\Quantum_Radio_Image_DataFusion\backend\data_storage\sample_images\sample_0215_civil_aircraft.png,-69.61,17.23,1.113,50.0,9.034,0.1405,98.45,3.785,9.68,0.4221,2.187,4.961,212.91,226.72,242.56,25.52,31.92,20.61,0.6276,0.6877,0.5915
216,Civil_Aircraft,2,C:\Users\BHAKTI\OneDrive\Desktop\Quantum_Radio_Image_DataFusion\backend\data_storage\sample_images\sample_0216_civil_aircraft.png,-74.84,11.13,1.127,50.0,10.738,0.1883,94.12,6.845,10.63,0.5588,2.299,4.648,204.31,226.56,245.52,32.2,22.87,24.91,0.4893,0.6899,0.4641
217,Civil_Aircraft,2,C:\Users\BHAKTI\OneDrive\Desktop\Quantum_Radio_Image_DataFusion\backend\data_storage\sample_images\sample_0217_civil_aircraft.png,-72.06,13.01,9.417,25.0,11.519,0.2153,97.9,5.894,10.95,0.5532,2.201,4.956,192.34,222.47,228.0,26.06,30.34,14.32,0.6842,0.7001,0.3997
218,Civil_Aircraft,2,C:\Users\BHAKTI\OneDrive\Desktop\Quantum_Radio_Image_DataFusion\backend\data_storage\sample_images\sample_0218_civil_aircraft.png,-59.41,23.36,1.067,25.0,9.475,0.1458,98.65,5.282,8.51,0.5008,2.049,4.571,198.12,224.23,217.81,29.09,23.65,20.79,0.4979,0.6491,0.4971
219,Civil_Aircraft,2,C:\Users\BHAKTI\OneDrive\Desktop\Quantum_Radio_Image_DataFusion\backend\data_storage\sample_images\sample_0219_civil_aircraft.png,-81.92,16.53,2.715,25.0,7.352,0.2002,95.26,5.822,11.04,0.4294,2.284,4.843,197.23,218.85,232.71,32.55,22.65,29.25,0.5341,0.6231,0.4497
220,Civil_Aircraft,2,C:\Users\BHAKTI\OneDrive\Desktop\Quantum_Radio_Image_DataFusion\backend\data_storage\sample_images\sample_0220_civil_aircraft.png,-68.3,11.72,9.429,25.0,5.933,0.1733,99.33,6.228,8.41,0.5108,2.09,4.444,212.56,220.98,238.79,27.97,27.28,25.64,0.6783,0.6893,0.47
221,Civil_Aircraft,2,C:\Users\BHAKTI\OneDrive\Desktop\Quantum_Radio_Image_DataFusion\backend\data_storage\sample_images\sample_0221_civil_aircraft.png,-79.26,11.16,1.066,25.0,11.777,0.1962,91.61,7.238,10.17,0.4719,2.003,4.566,204.72,221.67,240.31,35.19,25.14,20.65,0.54,0.5484,0.5517
222,Civil_Aircraft,2,C:\Users\BHAKTI\OneDrive\Desktop\Quantum_Radio_Image_DataFusion\backend\data_storage\sample_images\sample_0222_civil_aircraft.png,-74.36,12.82,1.067,25.0,5.609,0.1714,104.56,8.226,11.04,0.4545,2.229,4.69,209.89,226.86,233.29,30.27,19.92,30.77,0.499,0.6534,0.4914
223,Civil_Aircraft,2,C:\Users\BHAKTI\OneDrive\Desktop\Quantum_Radio_Image_DataFusion\backend\data_storage\sample_images\sample_0223_civil_aircraft.png,-67.55,4.07,2.717,25.0,10.024,0.2467,95.12,6.973,8.4,0.4386,2.416,5.005,191.84,216.93,249.61,32.4,26.42,22.61,0.6959,0.5632,0.5064
224,Civil_Aircraft,2,C:\Users\BHAKTI\OneDrive\Desktop\Quantum_Radio_Image_DataFusion\backend\data_storage\sample_images\sample_0224_civil_aircraft.png,-84.52,18.6,9.342,25.0,9.16,0.2126,98.9,5.807,11.14,0.5582,2.753,4.354,204.65,203.83,238.16,29.01,30.51,25.18,0.5899,0.6922,0.6393
225,Civil_Aircraft,2,C:\Users\BHAKTI\OneDrive\Desktop\Quantum_Radio_Image_DataFusion\backend\data_storage\sample_images\sample_0225_civil_aircraft.png,-77.05,10.71,2.699,50.0,9.871,0.1523,102.81,5.679,7.58,0.5319,2.412,4.979,178.78,207.65,247.66,26.31,28.81,19.97,0.5985,0.7059,0.5539
226,Civil_Aircraft,2,C:\Users\BHAKTI\OneDrive\Desktop\Quantum_Radio_Image_DataFusion\backend\data_storage\sample_images\sample_0226_civil_aircraft.png,-68.29,19.47,2.7,25.0,6.797,0.2388,93.1,4.752,10.13,0.4722,2.034,4.338,200.17,219.17,241.94,33.81,30.11,24.24,0.5241,0.6806,0.5864
227,Civil_Aircraft,2,C:\Users\BHAKTI\OneDrive\Desktop\Quantum_Radio_Image_DataFusion\backend\data_storage\sample_images\sample_0227_civil_aircraft.png,-74.18,12.36,2.705,25.0,9.957,0.1641,106.7,5.94,10.02,0.5145,2.736,4.957,210.48,225.66,235.56,28.15,31.08,25.51,0.4458,0.7624,0.5687
228,Civil_Aircraft,2,C:\Users\BHAKTI\OneDrive\Desktop\Quantum_Radio_Image_DataFusion\backend\data_storage\sample_images\sample_0228_civil_aircraft.png,-74.76,13.04,9.402,50.0,7.502,0.181,95.88,5.995,4.76,0.5326,2.163,5.31,205.19,208.11,239.6,25.82,29.89,26.16,0.6166,0.6025,0.512
229,Civil_Aircraft,2,C:\Users\BHAKTI\OneDrive\Desktop\Quantum_Radio_Image_DataFusion\backend\data_storage\sample_images\sample_0229_civil_aircraft.png,-83.87,16.46,9.406,50.0,6.878,0.056,98.9,5.38,9.73,0.6399,2.868,4.747,196.73,225.85,237.04,31.57,25.36,26.0,0.475,0.7211,0.4746
230,Civil_Aircraft,2,C:\Users\BHAKTI\OneDrive\Desktop\Quantum_Radio_Image_DataFusion\backend\data_storage\sample_images\sample_0230_civil_aircraft.png,-70.7,9.57,2.722,50.0,7.137,0.1402,99.75,4.562,8.85,0.5818,2.523,4.805,195.25,226.46,240.16,20.72,31.13,24.9,0.6362,0.5843,0.3194
231,Civil_Aircraft,2,C:\Users\BHAKTI\OneDrive\Desktop\Quantum_Radio_Image_DataFusion\backend\data_storage\sample_images\sample_0231_civil_aircraft.png,-73.19,15.02,2.714,50.0,8.748,0.1198,100.93,6.013,11.24,0.476,2.213,4.517,199.79,201.08,236.91,29.79,27.45,33.6,0.6867,0.6049,0.3874
232,Civil_Aircraft,2,C:\Users\BHAKTI\OneDrive\Desktop\Quantum_Radio_Image_DataFusion\backend\data_storage\sample_images\sample_0232_civil_aircraft.png,-75.64,15.32,1.09,25.0,6.058,0.1504,102.57,7.955,8.61,0.5654,1.764,5.011,196.96,223.07,238.02,35.28,24.5,27.51,0.5176,0.6405,0.499
233,Civil_Aircraft,2,C:\Users\BHAKTI\OneDrive\Desktop\Quantum_Radio_Image_DataFusion\backend\data_storage\sample_images\sample_0233_civil_aircraft.png,-80.5,13.95,1.121,25.0,9.505,0.1834,103.59,7.301,7.73,0.5721,1.968,4.988,211.2,200.89,240.74,28.13,24.96,30.4,0.4877,0.6016,0.5145
234,Civil_Aircraft,2,C:\Users\BHAKTI\OneDrive\Desktop\Quantum_Radio_Image_DataFusion\backend\data_storage\sample_images\sample_0234_civil_aircraft.png,-70.54,13.5,9.402,50.0,10.632,0.1475,95.99,6.485,9.75,0.5228,1.942,5.548,202.64,221.1,244.93,27.45,28.23,22.29,0.5732,0.6334,0.5261
235,Civil_Aircraft,2,C:\Users\BHAKTI\OneDrive\Desktop\Quantum_Radio_Image_DataFusion\backend\data_storage\sample_images\sample_0235_civil_aircraft.png,-81.8,11.1,1.062,25.0,8.07,0.1859,94.35,10.1,11.1,0.4453,2.365,4.605,194.86,206.6,243.46,27.27,31.87,28.98,0.6499,0.5989,0.5385
236,Civil_Aircraft,2,C:\Users\BHAKTI\OneDrive\Desktop\Quantum_Radio_Image_DataFusion\backend\data_storage\sample_images\sample_0236_civil_aircraft.png,-70.89,12.34,1.092,25.0,9.394,0.21,96.78,5.199,9.56,0.4592,1.828,4.798,198.43,217.46,232.27,34.84,25.35,23.27,0.5702,0.5674,0.423
237,Civil_Aircraft,2,C:\Users\BHAKTI\OneDrive\Desktop\Quantum_Radio_Image_DataFusion\backend\data_storage\sample_images\sample_0237_civil_aircraft.png,-72.52,12.44,9.425,25.0,7.812,0.1907,92.24,5.426,11.06,0.5696,2.344,4.393,207.11,230.63,236.99,35.4,33.17,31.65,0.5644,0.6852,0.5949
238,Civil_Aircraft,2,C:\Users\BHAKTI\OneDrive\Desktop\Quantum_Radio_Image_DataFusion\backend\data_storage\sample_images\sample_0238_civil_aircraft.png,-72.09,12.25,2.699,25.0,6.956,0.1409,89.56,5.759,7.93,0.5157,2.587,4.358,205.88,229.15,239.31,32.89,26.85,25.68,0.5753,0.6157,0.6294
239,Civil_Aircraft,2,C:\Users\BHAKTI\OneDrive\Desktop\Quantum_Radio_Image_DataFusion\backend\data_storage\sample_images\sample_0239_civil_aircraft.png,-71.25,18.56,1.082,50.0,9.282,0.1816,107.87,5.89,8.35,0.4528,2.251,4.827,195.54,217.5,235.79,25.69,32.14,29.85,0.6225,0.645,0.5087
240,Civil_Aircraft,2,C:\Users\BHAKTI\OneDrive\Desktop\Quantum_Radio_Image_DataFusion\backend\data_storage\sample_images\sample_0240_civil_aircraft.png,-81.91,15.45,2.693,50.0,8.505,0.2351,98.81,6.606,6.09,0.4481,2.548,4.892,203.53,225.65,253.09,29.12,28.28,25.77,0.7314,0.524,0.551
241,Civil_Aircraft,2,C:\Users\BHAKTI\OneDrive\Desktop\Quantum_Radio_Image_DataFusion\backend\data_storage\sample_images\sample_0241_civil_aircraft.png,-75.75,15.98,2.706,25.0,11.708,0.1457,96.84,5.802,7.8,0.541,2.364,4.567,208.04,231.24,251.42,31.96,29.85,24.04,0.6224,0.5858,0.5648
242,Civil_Aircraft,2,C:\Users\BHAKTI\OneDrive\Desktop\Quantum_Radio_Image_DataFusion\backend\data_storage\sample_images\sample_0242_civil_aircraft.png,-76.87,19.22,2.658,25.0,12.176,0.1394,93.39,8.925,10.18,0.5673,2.122,4.82,228.06,207.86,243.65,36.45,31.86,32.21,0.557,0.6862,0.5166
243,Civil_Aircraft,2,C:\Users\BHAKTI\OneDrive\Desktop\Quantum_Radio_Image_DataFusion\backend\data_storage\sample_images\sample_0243_civil_aircraft.png,-71.53,10.8,9.395,50.0,5.596,0.1902,98.03,7.065,8.47,0.6331,2.04,5.06,218.79,218.23,231.1,34.62,28.81,28.25,0.5312,0.7539,0.383
244,Civil_Aircraft,2,C:\Users\BHAKTI\OneDrive\Desktop\Quantum_Radio_Image_DataFusion\backend\data_storage\sample_images\sample_0244_civil_aircraft.png,-72.55,18.7,1.096,50.0,12.285,0.1852,84.1,7.322,8.65,0.4438,2.177,4.191,192.5,221.43,241.81,31.23,28.01,22.23,0.5356,0.6238,0.4125
245,Civil_Aircraft,2,C:\Users\BHAKTI\OneDrive\Desktop\Quantum_Radio_Image_DataFusion\backend\data_storage\sample_images\sample_0245_civil_aircraft.png,-80.02,17.11,2.711,50.0,7.101,0.1817,105.26,6.535,11.27,0.4604,2.338,4.827,194.31,229.56,258.6,29.93,30.02,25.34,0.4829,0.5408,0.4677
246,Civil_Aircraft,2,C:\Users\BHAKTI\OneDrive\Desktop\Quantum_Radio_Image_DataFusion\backend\data_storage\sample_images\sample_0246_civil_aircraft.png,-84.05,19.96,2.714,25.0,9.133,0.2123,93.8,6.175,8.26,0.5624,2.633,4.955,215.61,220.32,246.44,30.3,23.9,25.99,0.4604,0.7903,0.49
247,Civil_Aircraft,2,C:\Users\BHAKTI\OneDrive\Desktop\Quantum_Radio_Image_DataFusion\backend\data_storage\sample_images\sample_0247_civil_aircraft.png,-70.81,13.96,9.433,50.0,7.439,0.1868,95.48,5.336,7.26,0.5776,2.261,4.453,202.29,225.49,240.23,30.76,28.17,19.89,0.6159,0.5475,0.5377
248,Civil_Aircraft,2,C:\Users\BHAKTI\OneDrive\Desktop\Quantum_Radio_Image_DataFusion\backend\data_storage\sample_images\sample_0248_civil_aircraft.png,-71.0,13.23,1.098,25.0,9.316,0.1946,104.95,5.07,10.14,0.6215,2.374,4.639,227.63,220.89,241.85,31.01,29.79,23.64,0.5552,0.7071,0.4876
249,Civil_Aircraft,2,C:\Users\BHAKTI\OneDrive\Desktop\Quantum_Radio_Image_DataFusion\backend\data_storage\sample_images\sample_0249_civil_aircraft.png,-77.73,12.98,2.716,25.0,6.382,0.1854,96.07,6.517,9.32,0.404,2.495,4.93,205.16,230.62,249.7,33.2,24.6,21.74,0.6294,0.5374,0.5011
250,Civil_Aircraft,2,C:\Users\BHAKTI\OneDrive\Desktop\Quantum_Radio_Image_DataFusion\backend\data_storage\sample_images\sample_0250_civil_aircraft.png,-72.14,7.87,2.685,25.0,6.469,0.2469,91.58,6.738,8.53,0.5397,2.074,5.192,197.13,200.53,256.27,31.77,23.72,24.35,0.4939,0.6503,0.5582
251,Civil_Aircraft,2,C:\Users\BHAKTI\OneDrive\Desktop\Quantum_Radio_Image_DataFusion\backend\data_storage\sample_images\sample_0251_civil_aircraft.png,-70.8,14.89,2.705,50.0,7.381,0.2305,91.54,4.817,8.02,0.4554,2.166,5.091,220.26,195.76,236.97,31.21,28.81,32.6,0.3791,0.4947,0.6337
252,Civil_Aircraft,2,C:\Users\BHAKTI\OneDrive\Desktop\Quantum_Radio_Image_DataFusion\backend\data_storage\sample_images\sample_0252_civil_aircraft.png,-70.1,12.0,9.388,25.0,8.755,0.1916,94.45,5.432,7.52,0.6271,2.304,4.728,195.71,249.36,231.41,28.28,29.66,27.4,0.6166,0.7585,0.5404
253,Civil_Aircraft,2,C:\Users\BHAKTI\OneDrive\Desktop\Quantum_Radio_Image_DataFusion\backend\data_storage\sample_images\sample_0253_civil_aircraft.png,-81.86,13.1,1.088,25.0,7.14,0.1481,99.17,8.156,8.77,0.5184,2.708,4.704,210.1,228.77,238.43,31.24,30.64,23.4,0.6053,0.6172,0.4695
254,Civil_Aircraft,2,C:\Users\BHAKTI\OneDrive\Desktop\Quantum_Radio_Image_DataFusion\backend\data_storage\sample_images\sample_0254_civil_aircraft.png,-84.93,12.24,2.702,25.0,8.078,0.1149,112.16,7.728,8.11,0.5363,2.417,5.181,196.81,230.92,235.62,24.66,30.9,30.16,0.747,0.578,0.5519
255,Civil_Aircraft,2,C:\Users\BHAKTI\OneDrive\Desktop\Quantum_Radio_Image_DataFusion\backend\data_storage\sample_images\sample_0255_civil_aircraft.png,-77.66,16.74,1.042,50.0,9.792,0.2044,83.44,6.98,7.69,0.5366,2.68,5.063,217.24,231.21,235.81,32.39,21.1,22.25,0.6514,0.6269,0.3979
256,Civil_Aircraft,2,C:\Users\BHAKTI\OneDrive\Desktop\Quantum_Radio_Image_DataFusion\backend\data_storage\sample_images\sample_0256_civil_aircraft.png,-61.91,15.97,1.086,50.0,7.937,0.1628,95.7,4.785,10.33,0.6655,2.066,5.248,208.67,220.35,237.25,29.67,32.6,20.45,0.518,0.7249,0.569
257,Civil_Aircraft,2,C:\Users\BHAKTI\OneDrive\Desktop\Quantum_Radio_Image_DataFusion\backend\data_storage\sample_images\sample_0257_civil_aircraft.png,-82.3,13.36,2.704,25.0,6.763,0.1979,102.66,5.877,10.59,0.4852,2.395,5.622,210.39,215.79,236.61,29.71,31.4,25.58,0.4881,0.611,0.5191
258,Civil_Aircraft,2,C:\Users\BHAKTI\OneDrive\Desktop\Quantum_Radio_Image_DataFusion\backend\data_storage\sample_images\sample_0258_civil_aircraft.png,-74.72,15.59,2.693,50.0,9.887,0.2359,98.36,6.264,8.43,0.4942,2.407,4.462,207.57,235.11,222.93,23.83,30.7,30.46,0.5008,0.5301,0.5959
259,Civil_Aircraft,2,C:\Users\BHAKTI\OneDrive\Desktop\Quantum_Radio_Image_DataFusion\backend\data_storage\sample_images\sample_0259_civil_aircraft.png,-80.27,12.74,1.083,25.0,4.975,0.1652,95.7,6.327,7.97,0.4334,2.684,5.268,206.8,222.52,250.09,30.63,26.32,25.16,0.6515,0.6532,0.4698
260,Civil_Aircraft,2,C:\Users\BHAKTI\OneDrive\Desktop\Quantum_Radio_Image_DataFusion\backend\data_storage\sample_images\sample_0260_civil_aircraft.png,-74.04,16.3,2.751,25.0,4.451,0.2101,103.75,4.713,9.27,0.5001,2.592,4.948,203.12,207.18,227.22,31.24,25.13,27.66,0.4085,0.7456,0.5498
261,Civil_Aircraft,2,C:\Users\BHAKTI\OneDrive\Desktop\Quantum_Radio_Image_DataFusion\backend\data_storage\sample_images\sample_0261_civil_aircraft.png,-74.36,19.89,2.693,50.0,6.161,0.0785,99.35,5.821,10.77,0.6129,2.04,4.517,207.3,237.34,240.48,24.88,25.58,25.81,0.5592,0.6078,0.4725
262,Civil_Aircraft,2,C:\Users\BHAKTI\OneDrive\Desktop\Quantum_Radio_Image_DataFusion\backend\data_storage\sample_images\sample_0262_civil_aircraft.png,-81.38,17.99,2.711,25.0,8.664,0.2447,94.47,4.475,7.53,0.509,1.79,4.781,191.64,231.59,240.93,38.48,27.09,12.47,0.6566,0.6801,0.5494
263,Civil_Aircraft,2,C:\Users\BHAKTI\OneDrive\Desktop\Quantum_Radio_Image_DataFusion\backend\data_storage\sample_images\sample_0263_civil_aircraft.png,-81.52,13.85,2.703,25.0,11.036,0.1526,93.68,6.239,8.72,0.5613,2.128,4.782,216.84,223.42,239.52,27.59,25.47,21.6,0.4967,0.6953,0.4967
264,Civil_Aircraft,2,C:\Users\BHAKTI\OneDrive\Desktop\Quantum_Radio_Image_DataFusion\backend\data_storage\sample_images\sample_0264_civil_aircraft.png,-83.77,20.19,9.406,50.0,5.968,0.2606,102.46,4.184,8.09,0.5614,2.418,4.852,226.61,213.83,239.4,22.15,32.64,21.8,0.6246,0.7071,0.6509
265,Civil_Aircraft,2,C:\Users\BHAKTI\OneDrive\Desktop\Quantum_Radio_Image_DataFusion\backend\data_storage\sample_images\sample_0265_civil_aircraft.png,-70.78,12.75,2.708,50.0,7.973,0.1533,103.28,7.399,9.08,0.4542,2.802,4.518,190.41,199.87,240.8,29.13,32.12,27.44,0.5632,0.6337,0.5766
266,Civil_Aircraft,2,C:\Users\BHAKTI\OneDrive\Desktop\Quantum_Radio_Image_DataFusion\backend\data_storage\sample_images\sample_0266_civil_aircraft.png,-62.86,17.53,1.046,25.0,11.379,0.1193,89.23,6.604,8.04,0.6283,2.32,4.367,193.57,230.53,239.39,33.97,26.53,22.76,0.6296,0.5985,0.5393
267,Civil_Aircraft,2,C:\Users\BHAKTI\OneDrive\Desktop\Quantum_Radio_Image_DataFusion\backend\data_storage\sample_images\sample_0267_civil_aircraft.png,-76.38,17.08,2.695,25.0,9.71,0.209,89.72,4.014,7.35,0.4646,2.735,5.12,200.42,222.99,234.57,31.46,23.45,28.0,0.472,0.6984,0.4844
268,Civil_Aircraft,2,C:\Users\BHAKTI\OneDrive\Desktop\Quantum_Radio_Image_DataFusion\backend\data_storage\sample_images\sample_0268_civil_aircraft.png,-80.14,19.65,9.379,50.0,7.863,0.1557,103.46,5.174,12.16,0.4951,2.48,4.853,231.05,222.3,235.88,32.56,30.47,24.37,0.4524,0.6183,0.5629
269,Civil_Aircraft,2,C:\Users\BHAKTI\OneDrive\Desktop\Quantum_Radio_Image_DataFusion\backend\data_storage\sample_images\sample_0269_civil_aircraft.png,-86.36,13.13,2.704,50.0,8.025,0.0952,106.64,5.671,9.16,0.4899,1.82,4.549,225.97,209.04,227.29,30.57,27.66,23.71,0.5412,0.6887,0.4748
270,Civil_Aircraft,2,C:\Users\BHAKTI\OneDrive\Desktop\Quantum_Radio_Image_DataFusion\backend\data_storage\sample_images\sample_0270_civil_aircraft.png,-73.74,17.58,9.423,25.0,7.197,0.1061,95.45,6.21,8.59,0.4114,2.356,5.321,203.85,214.2,239.52,25.58,23.32,26.81,0.6192,0.6412,0.3916
271,Civil_Aircraft,2,C:\Users\BHAKTI\OneDrive\Desktop\Quantum_Radio_Image_DataFusion\backend\data_storage\sample_images\sample_0271_civil_aircraft.png,-72.7,21.24,1.122,25.0,7.387,0.1926,93.38,6.663,8.48,0.4537,1.962,4.886,201.17,235.02,239.66,26.86,28.63,19.82,0.5333,0.6692,0.5217
272,Civil_Aircraft,2,C:\Users\BHAKTI\OneDrive\Desktop\Quantum_Radio_Image_DataFusion\backend\data_storage\sample_images\sample_0272_civil_aircraft.png,-66.53,23.09,9.434,25.0,8.324,0.2144,103.19,5.603,12.15,0.4854,2.325,5.265,219.29,220.14,247.92,29.1,26.05,20.15,0.5979,0.6998,0.4759
273,Civil_Aircraft,2,C:\Users\BHAKTI\OneDrive\Desktop\Quantum_Radio_Image_DataFusion\backend\data_storage\sample_images\sample_0273_civil_aircraft.png,-73.26,23.28,2.661,25.0,7.785,0.1705,98.91,6.098,10.77,0.6429,1.982,4.495,208.21,211.84,247.47,34.38,25.81,21.95,0.518,0.6562,0.5289
274,Civil_Aircraft,2,C:\Users\BHAKTI\OneDrive\Desktop\Quantum_Radio_Image_DataFusion\backend\data_storage\sample_images\sample_0274_civil_aircraft.png,-89.64,10.61,1.08,25.0,5.915,0.1738,84.11,2.758,6.43,0.5025,2.225,4.907,203.03,223.0,236.4,32.86,30.38,23.69,0.5826,0.6386,0.4187
275,Civil_Aircraft,2,C:\Users\BHAKTI\OneDrive\Desktop\Quantum_Radio_Image_DataFusion\backend\data_storage\sample_images\sample_0275_civil_aircraft.png,-69.12,10.83,9.401,50.0,6.483,0.1702,101.44,2.387,8.59,0.4926,2.718,4.926,209.94,224.42,240.36,36.13,18.78,25.58,0.6304,0.5365,0.5603
276,Civil_Aircraft,2,C:\Users\BHAKTI\OneDrive\Desktop\Quantum_Radio_Image_DataFusion\backend\data_storage\sample_images\sample_0276_civil_aircraft.png,-79.95,14.38,9.401,25.0,7.413,0.1409,95.47,4.972,9.91,0.617,2.531,5.684,189.46,214.94,232.46,34.92,27.12,25.76,0.5907,0.5627,0.4727
277,Civil_Aircraft,2,C:\Users\BHAKTI\OneDrive\Desktop\Quantum_Radio_Image_DataFusion\backend\data_storage\sample_images\sample_0277_civil_aircraft.png,-68.52,12.08,2.694,25.0,4.171,0.1477,111.23,5.566,9.4,0.5982,2.331,4.824,211.23,222.89,239.2,27.11,28.31,29.38,0.6826,0.6675,0.5553
278,Civil_Aircraft,2,C:\Users\BHAKTI\OneDrive\Desktop\Quantum_Radio_Image_DataFusion\backend\data_storage\sample_images\sample_0278_civil_aircraft.png,-73.25,13.69,1.086,50.0,6.624,0.2395,90.26,5.94,8.9,0.5097,2.812,4.45,201.93,235.03,237.42,26.26,29.05,28.22,0.5086,0.6833,0.4274
279,Civil_Aircraft,2,C:\Users\BHAKTI\OneDrive\Desktop\Quantum_Radio_Image_DataFusion\backend\data_storage\sample_images\sample_0279_civil_aircraft.png,-83.59,12.46,9.389,50.0,7.39,0.1668,96.48,8.042,12.17,0.5218,1.976,4.649,215.33,209.7,238.33,31.17,24.31,29.39,0.5955,0.7706,0.5569
280,Civil_Aircraft,2,C:\Users\BHAKTI\OneDrive\Desktop\Quantum_Radio_Image_DataFusion\backend\data_storage\sample_images\sample_0280_civil_aircraft.png,-81.25,15.86,2.706,50.0,8.071,0.2142,89.08,4.492,8.58,0.4773,2.433,4.815,216.65,223.17,234.84,22.44,28.72,18.16,0.4874,0.6067,0.4795
281,Civil_Aircraft,2,C:\Users\BHAKTI\OneDrive\Desktop\Quantum_Radio_Image_DataFusion\backend\data_storage\sample_images\sample_0281_civil_aircraft.png,-83.55,11.46,9.397,50.0,6.983,0.2021,101.16,8.515,10.94,0.5539,2.213,4.793,204.29,215.99,241.7,31.4,23.02,31.53,0.5728,0.6342,0.5233
282,Civil_Aircraft,2,C:\Users\BHAKTI\OneDrive\Desktop\Quantum_Radio_Image_DataFusion\backend\data_storage\sample_images\sample_0282_civil_aircraft.png,-68.95,8.87,9.409,25.0,2.567,0.2065,90.26,4.206,11.81,0.4228,2.202,4.781,218.09,201.31,243.32,26.44,30.51,21.37,0.6658,0.5959,0.3623
283,Civil_Aircraft,2,C:\Users\BHAKTI\OneDrive\Desktop\Quantum_Radio_Image_DataFusion\backend\data_storage\sample_images\sample_0283_civil_aircraft.png,-80.13,13.09,9.38,50.0,9.756,0.1573,93.8,5.246,8.22,0.4808,2.192,4.597,207.08,223.6,232.71,35.08,24.08,18.53,0.5705,0.601,0.5293
284,Civil_Aircraft,2,C:\Users\BHAKTI\OneDrive\Desktop\Quantum_Radio_Image_DataFusion\backend\data_storage\sample_images\sample_0284_civil_aircraft.png,-90.62,18.87,9.399,25.0,12.168,0.1244,94.62,5.914,6.84,0.5628,2.236,4.355,190.53,231.01,236.95,34.76,34.29,29.09,0.4973,0.5001,0.5288
285,Civil_Aircraft,2,C:\Users\BHAKTI\OneDrive\Desktop\Quantum_Radio_Image_DataFusion\backend\data_storage\sample_images\sample_0285_civil_aircraft.png,-61.4,13.88,2.696,25.0,8.535,0.1443,95.28,5.871,5.14,0.6203,2.048,4.962,204.13,232.58,243.25,29.06,24.43,28.19,0.3901,0.6888,0.4441
286,Civil_Aircraft,2,C:\Users\BHAKTI\OneDrive\Desktop\Quantum_Radio_Image_DataFusion\backend\data_storage\sample_images\sample_0286_civil_aircraft.png,-66.86,14.56,1.108,50.0,7.29,0.1754,102.25,7.394,6.94,0.5352,2.049,4.619,213.46,227.46,234.57,29.37,25.86,36.57,0.5623,0.5996,0.5893
287,Civil_Aircraft,2,C:\Users\BHAKTI\OneDrive\Desktop\Quantum_Radio_Image_DataFusion\backend\data_storage\sample_images\sample_0287_civil_aircraft.png,-66.18,20.27,1.064,25.0,9.889,0.2242,95.33,5.911,7.57,0.4869,2.297,4.958,200.41,214.71,246.74,31.3,29.79,31.11,0.4996,0.6471,0.5431
288,Civil_Aircraft,2,C:\Users\BHAKTI\OneDrive\Desktop\Quantum_Radio_Image_DataFusion\backend\data_storage\sample_images\sample_0288_civil_aircraft.png,-80.66,14.8,2.735,50.0,6.745,0.1133,99.46,6.718,11.95,0.5445,1.885,4.337,217.59,211.97,227.6,34.0,26.1,28.79,0.4668,0.7384,0.5623
289,Civil_Aircraft,2,C:\Users\BHAKTI\OneDrive\Desktop\Quantum_Radio_Image_DataFusion\backend\data_storage\sample_images\sample_0289_civil_aircraft.png,-79.7,8.19,9.4,25.0,9.868,0.2205,106.49,6.223,7.75,0.4702,2.793,4.853,222.46,224.99,246.03,33.75,23.11,26.23,0.441,0.6329,0.5484
290,Civil_Aircraft,2,C:\Users\BHAKTI\OneDrive\Desktop\Quantum_Radio_Image_DataFusion\backend\data_storage\sample_images\sample_0290_civil_aircraft.png,-81.66,15.96,9.378,25.0,7.364,0.2056,95.64,5.973,10.92,0.5267,2.195,4.598,207.73,211.45,250.28,25.85,33.91,23.86,0.4539,0.6614,0.4528
291,Civil_Aircraft,2,C:\Users\BHAKTI\OneDrive\Desktop\Quantum_Radio_Image_DataFusion\backend\data_storage\sample_images\sample_0291_civil_aircraft.png,-74.78,11.98,2.698,25.0,7.975,0.1865,90.6,5.926,8.61,0.5609,2.086,4.525,208.17,239.8,238.59,30.67,31.79,27.04,0.5813,0.6443,0.5055
292,Civil_Aircraft,2,C:\Users\BHAKTI\OneDrive\Desktop\Quantum_Radio_Image_DataFusion\backend\data_storage\sample_images\sample_0292_civil_aircraft.png,-79.91,15.7,2.702,25.0,7.75,0.1379,89.93,5.983,9.25,0.5657,2.444,5.267,200.33,214.76,232.32,33.0,28.09,17.59,0.5562,0.666,0.5013
293,Civil_Aircraft,2,C:\Users\BHAKTI\OneDrive\Desktop\Quantum_Radio_Image_DataFusion\backend\data_storage\sample_images\sample_0293_civil_aircraft.png,-73.07,9.73,9.382,25.0,8.429,0.1491,94.28,7.995,10.33,0.6164,2.431,4.476,207.24,232.02,238.94,28.85,29.94,22.76,0.5636,0.6538,0.4806
294,Civil_Aircraft,2,C:\Users\BHAKTI\OneDrive\Desktop\Quantum_Radio_Image_DataFusion\backend\data_storage\sample_images\sample_0294_civil_aircraft.png,-68.63,16.26,9.431,25.0,9.076,0.1528,84.85,6.886,6.92,0.4724,2.421,4.64,206.57,207.86,237.21,30.65,24.19,31.75,0.489,0.7327,0.4999
295,Civil_Aircraft,2,C:\Users\BHAKTI\OneDrive\Desktop\Quantum_Radio_Image_DataFusion\backend\data_storage\sample_images\sample_0295_civil_aircraft.png,-85.2,10.02,9.414,25.0,8.91,0.2027,109.3,6.725,7.9,0.5365,2.207,4.609,204.27,218.45,231.52,40.83,31.23,25.98,0.5472,0.7221,0.6345
296,Civil_Aircraft,2,C:\Users\BHAKTI\OneDrive\Desktop\Quantum_Radio_Image_DataFusion\backend\data_storage\sample_images\sample_0296_civil_aircraft.png,-70.55,14.42,1.113,50.0,11.197,0.2007,101.06,4.359,10.92,0.5888,2.273,4.946,202.83,227.52,233.49,35.37,30.81,27.9,0.5316,0.5652,0.563
297,Civil_Aircraft,2,C:\Users\BHAKTI\OneDrive\Desktop\Quantum_Radio_Image_DataFusion\backend\data_storage\sample_images\sample_0297_civil_aircraft.png,-83.97,17.14,9.357,50.0,8.237,0.2611,98.02,4.187,8.26,0.527,2.444,4.485,210.68,228.36,234.87,37.88,25.87,21.0,0.4177,0.7232,0.5114
298,Civil_Aircraft,2,C:\Users\BHAKTI\OneDrive\Desktop\Quantum_Radio_Image_DataFusion\backend\data_storage\sample_images\sample_0298_civil_aircraft.png,-78.12,8.84,9.397,50.0,6.848,0.2252,85.44,8.046,10.9,0.5315,2.125,4.818,211.11,224.58,253.92,28.96,22.8,19.09,0.4058,0.6618,0.4959
299,Civil_Aircraft,2,C:\Users\BHAKTI\OneDrive\Desktop\Quantum_Radio_Image_DataFusion\backend\data_storage\sample_images\sample_0299_civil_aircraft.png,-74.79,12.12,9.445,50.0,6.81,0.1758,106.67,4.213,8.51,0.4818,2.411,5.087,209.71,224.87,237.11,31.28,24.64,27.7,0.5,0.5827,0.5123
300,Civil_Aircraft,2,C:\Users\BHAKTI\OneDrive\Desktop\Quantum_Radio_Image_DataFusion\backend\data_storage\sample_images\sample_0300_civil_aircraft.png,-87.44,19.16,1.085,25.0,10.223,0.121,105.16,4.457,7.28,0.5253,2.573,5.458,210.83,235.8,230.3,38.64,20.55,22.98,0.5849,0.5537,0.4544
301,Maritime_Vessel,3,C:\Users\BHAKTI\OneDrive\Desktop\Quantum_Radio_Image_DataFusion\backend\data_storage\sample_images\sample_0301_maritime_vessel.png,-73.43,16.76,1.556,15.0,0.744,0.6579,85.84,4.322,9.47,0.6765,2.552,5.058,95.91,147.44,160.53,39.46,39.82,44.9,0.4561,0.5045,0.4385
302,Maritime_Vessel,3,C:\Users\BHAKTI\OneDrive\Desktop\Quantum_Radio_Image_DataFusion\backend\data_storage\sample_images\sample_0302_maritime_vessel.png,-71.16,18.21,1.574,30.0,0.966,0.709,80.68,3.633,8.02,0.6861,2.516,5.741,97.43,140.9,163.93,40.53,50.44,38.65,0.6044,0.5219,0.3372
303,Maritime_Vessel,3,C:\Users\BHAKTI\OneDrive\Desktop\Quantum_Radio_Image_DataFusion\backend\data_storage\sample_images\sample_0303_maritime_vessel.png,-77.02,22.37,9.32,15.0,1.051,0.5151,80.51,4.709,6.31,0.6586,2.692,5.657,80.4,165.53,175.37,36.61,43.59,41.35,0.6452,0.6874,0.3516
304,Maritime_Vessel,3,C:\Users\BHAKTI\OneDrive\Desktop\Quantum_Radio_Image_DataFusion\backend\data_storage\sample_images\sample_0304_maritime_vessel.png,-68.39,16.18,2.998,15.0,0.763,0.4412,86.28,4.502,7.6,0.7044,2.956,5.374,80.76,119.4,180.48,45.24,40.11,44.55,0.812,0.5554,0.4118
305,Maritime_Vessel,3,C:\Users\BHAKTI\OneDrive\Desktop\Quantum_Radio_Image_DataFusion\backend\data_storage\sample_images\sample_0305_maritime_vessel.png,-73.95,20.71,9.293,30.0,0.695,0.4259,89.65,5.328,6.25,0.5773,2.972,5.521,76.95,139.09,160.42,38.81,39.52,44.03,0.7799,0.3472,0.4177
306,Maritime_Vessel,3,C:\Users\BHAKTI\OneDrive\Desktop\Quantum_Radio_Image_DataFusion\backend\data_storage\sample_images\sample_0306_maritime_vessel.png,-63.27,15.51,3.01,30.0,0.768,0.4793,80.0,3.361,9.88,0.5835,2.857,5.008,111.28,140.24,174.11,40.07,45.14,50.85,0.6261,0.474,0.3925
307,Maritime_Vessel,3,C:\Users\BHAKTI\OneDrive\Desktop\Quantum_Radio_Image_DataFusion\backend\data_storage\sample_images\sample_0307_maritime_vessel.png,-64.58,17.73,2.996,30.0,1.342,0.494,90.16,6.048,7.13,0.5718,2.604,5.796,93.86,152.91,179.98,32.48,39.04,37.71,0.783,0.3806,0.3258
308,Maritime_Vessel,3,C:\Users\BHAKTI\OneDrive\Desktop\Quantum_Radio_Image_DataFusion\backend\data_storage\sample_images\sample_0308_maritime_vessel.png,-70.56,20.26,9.28,30.0,0.35,0.5317,83.41,4.796,5.49,0.6573,3.169,6.07,80.75,142.42,174.51,45.35,26.94,52.68,0.6559,0.468,0.3514
309,Maritime_Vessel,3,C:\Users\BHAKTI\OneDrive\Desktop\Quantum_Radio_Image_DataFusion\backend\data_storage\sample_images\sample_0309_maritime_vessel.png,-74.5,15.54,1.56,15.0,0.929,0.5342,89.99,3.959,7.75,0.6918,2.468,5.375,110.54,133.81,177.64,40.51,34.81,41.43,0.7138,0.3753,0.3794
310,Maritime_Vessel,3,C:\Users\BHAKTI\OneDrive\Desktop\Quantum_Radio_Image_DataFusion\backend\data_storage\sample_images\sample_0310_maritime_vessel.png,-72.33,22.44,9.301,30.0,0.414,0.4826,84.45,5.04,6.85,0.6415,2.496,6.268,118.97,156.95,168.13,35.99,37.33,55.21,0.7638,0.5885,0.3775
311,Maritime_Vessel,3,C:\Users\BHAKTI\OneDrive\Desktop\Quantum_Radio_Image_DataFusion\backend\data_storage\sample_images\sample_0311_maritime_vessel.png,-76.79,11.89,3.005,30.0,0.759,0.519,82.58,3.867,8.77,0.6936,2.305,5.633,89.0,139.74,160.95,43.49,41.99,48.24,0.6094,0.4686,0.5229
312,Maritime_Vessel,3,C:\Users\BHAKTI\OneDrive\Desktop\Quantum_Radio_Image_DataFusion\backend\data_storage\sample_images\sample_0312_maritime_vessel.png,-59.0,17.72,1.545,15.0,0.398,0.5389,86.48,3.388,8.02,0.6915,2.29,5.466,85.62,124.94,152.58,38.06,43.56,42.34,0.5818,0.5487,0.3516
313,Maritime_Vessel,3,C:\Users\BHAKTI\OneDrive\Desktop\Quantum_Radio_Image_DataFusion\backend\data_storage\sample_images\sample_0313_maritime_vessel.png,-69.55,16.26,3.011,15.0,0.446,0.6075,95.01,5.668,6.86,0.6843,2.623,6.004,88.62,123.17,190.6,39.59,38.02,43.01,0.6197,0.4499,0.3661
314,Maritime_Vessel,3,C:\Users\BHAKTI\OneDrive\Desktop\Quantum_Radio_Image_DataFusion\backend\data_storage\sample_images\sample_0314_maritime_vessel.png,-66.13,18.26,9.307,15.0,1.55,0.5752,76.23,3.748,7.04,0.5275,2.538,6.05,70.95,129.82,195.54,32.69,50.38,44.33,0.6892,0.6104,0.3657
315,Maritime_Vessel,3,C:\Users\BHAKTI\OneDrive\Desktop\Quantum_Radio_Image_DataFusion\backend\data_storage\sample_images\sample_0315_maritime_vessel.png,-64.84,21.54,2.987,30.0,1.336,0.5158,81.92,4.389,5.78,0.7052,2.633,5.587,88.69,159.7,192.78,44.75,41.49,39.31,0.6786,0.542,0.4306
316,Maritime_Vessel,3,C:\Users\BHAKTI\OneDrive\Desktop\Quantum_Radio_Image_DataFusion\backend\data_storage\sample_images\sample_0316_maritime_vessel.png,-66.44,13.89,2.996,30.0,1.042,0.519,87.37,4.656,8.13,0.6313,2.929,6.145,85.23,135.7,156.43,39.7,44.08,46.35,0.692,0.6545,0.2457
317,Maritime_Vessel,3,C:\Users\BHAKTI\OneDrive\Desktop\Quantum_Radio_Image_DataFusion\backend\data_storage\sample_images\sample_0317_maritime_vessel.png,-70.48,16.63,1.555,15.0,0.652,0.617,89.27,4.444,7.41,0.7062,2.76,5.333,87.04,143.35,139.52,33.34,46.09,53.25,0.7719,0.5825,0.3965
318,Maritime_Vessel,3,C:\Users\BHAKTI\OneDrive\Desktop\Quantum_Radio_Image_DataFusion\backend\data_storage\sample_images\sample_0318_maritime_vessel.png,-73.14,17.21,2.998,30.0,1.241,0.5057,81.06,5.594,9.48,0.6833,2.765,5.546,76.56,159.04,169.06,35.69,48.09,45.56,0.768,0.4913,0.4409
319,Maritime_Vessel,3,C:\Users\BHAKTI\OneDrive\Desktop\Quantum_Radio_Image_DataFusion\backend\data_storage\sample_images\sample_0319_maritime_vessel.png,-63.1,23.3,1.565,30.0,1.18,0.5464,82.36,5.212,9.14,0.5051,3.357,5.206,75.6,116.33,170.01,31.6,35.05,41.87,0.6925,0.5364,0.4521
320,Maritime_Vessel,3,C:\Users\BHAKTI\OneDrive\Desktop\Quantum_Radio_Image_DataFusion\backend\data_storage\sample_images\sample_0320_maritime_vessel.png,-61.91,22.1,1.552,15.0,0.856,0.4851,88.74,4.511,6.64,0.546,2.395,5.409,107.44,147.91,163.25,35.94,47.95,47.6,0.7028,0.4708,0.3838
321,Maritime_Vessel,3,C:\Users\BHAKTI\OneDrive\Desktop\Quantum_Radio_Image_DataFusion\backend\data_storage\sample_images\sample_0321_maritime_vessel.png,-67.98,17.64,9.297,15.0,1.014,0.4968,88.2,2.989,7.9,0.6125,2.421,5.311,84.1,140.74,150.32,36.01,41.75,39.41,0.8417,0.4603,0.3565
322,Maritime_Vessel,3,C:\Users\BHAKTI\OneDrive\Desktop\Quantum_Radio_Image_DataFusion\backend\data_storage\sample_images\sample_0322_maritime_vessel.png,-72.89,25.19,1.545,30.0,0.97,0.6093,91.42,4.712,6.65,0.6856,2.624,5.743,75.81,142.0,168.19,39.16,41.49,44.34,0.7236,0.4916,0.3106
323,Maritime_Vessel,3,C:\Users\BHAKTI\OneDrive\Desktop\Quantum_Radio_Image_DataFusion\backend\data_storage\sample_images\sample_0323_maritime_vessel.png,-77.37,18.74,3.003,30.0,0.944,0.5717,82.67,4.732,7.54,0.7055,2.883,5.612,76.54,125.21,161.75,36.42,43.61,50.29,0.6754,0.5211,0.3972
324,Maritime_Vessel,3,C:\Users\BHAKTI\OneDrive\Desktop\Quantum_Radio_Image_DataFusion\backend\data_storage\sample_images\sample_0324_maritime_vessel.png,-70.58,14.3,9.289,30.0,0.51,0.6626,91.41,4.102,7.67,0.6603,2.624,6.031,87.72,127.5,131.13,34.01,34.11,45.76,0.5672,0.5626,0.4454
325,Maritime_Vessel,3,C:\Users\BHAKTI\OneDrive\Desktop\Quantum_Radio_Image_DataFusion\backend\data_storage\sample_images\sample_0325_maritime_vessel.png,-68.16,14.06,1.536,15.0,0.995,0.6157,87.21,4.437,7.02,0.6547,3.088,5.284,83.97,133.87,185.01,39.12,47.9,52.2,0.7333,0.4455,0.4731
326,Maritime_Vessel,3,C:\Users\BHAKTI\OneDrive\Desktop\Quantum_Radio_Image_DataFusion\backend\data_storage\sample_images\sample_0326_maritime_vessel.png,-60.94,18.25,2.994,15.0,0.744,0.7013,81.58,4.533,6.65,0.683,2.803,5.908,94.98,179.03,154.58,29.45,39.64,36.59,0.5457,0.4499,0.3439
327,Maritime_Vessel,3,C:\Users\BHAKTI\OneDrive\Desktop\Quantum_Radio_Image_DataFusion\backend\data_storage\sample_images\sample_0327_maritime_vessel.png,-72.77,20.07,1.55,30.0,0.591,0.5871,87.44,4.223,5.74,0.7149,2.624,5.63,114.01,148.62,176.7,37.99,41.93,47.44,0.7166,0.6398,0.5137
328,Maritime_Vessel,3,C:\Users\BHAKTI\OneDrive\Desktop\Quantum_Radio_Image_DataFusion\backend\data_storage\sample_images\sample_0328_maritime_vessel.png,-66.55,9.39,9.3,30.0,0.769,0.5471,86.17,2.404,6.12,0.5632,2.897,5.931,94.86,147.36,167.54,44.01,42.05,46.35,0.6561,0.5679,0.3689
329,Maritime_Vessel,3,C:\Users\BHAKTI\OneDrive\Desktop\Quantum_Radio_Image_DataFusion\backend\data_storage\sample_images\sample_0329_maritime_vessel.png,-63.12,13.47,9.304,30.0,0.722,0.4041,82.51,4.884,8.01,0.7975,2.378,6.044,95.58,110.4,161.78,39.31,31.77,33.56,0.5215,0.5381,0.3658
330,Maritime_Vessel,3,C:\Users\BHAKTI\OneDrive\Desktop\Quantum_Radio_Image_DataFusion\backend\data_storage\sample_images\sample_0330_maritime_vessel.png,-71.1,15.66,9.3,30.0,0.972,0.4746,75.47,3.118,7.6,0.5025,2.206,5.599,81.85,164.88,197.51,33.66,45.34,50.5,0.6262,0.4153,0.3894
331,Maritime_Vessel,3,C:\Users\BHAKTI\OneDrive\Desktop\Quantum_Radio_Image_DataFusion\backend\data_storage\sample_images\sample_0331_maritime_vessel.png,-68.86,16.26,2.989,15.0,0.887,0.5064,88.31,2.935,8.57,0.5195,2.89,5.569,88.19,130.5,150.48,31.76,47.02,46.07,0.6523,0.551,0.3951
332,Maritime_Vessel,3,C:\Users\BHAKTI\OneDrive\Desktop\Quantum_Radio_Image_DataFusion\backend\data_storage\sample_images\sample_0332_maritime_vessel.png,-71.96,27.84,9.279,30.0,0.631,0.4492,82.23,4.429,5.5,0.6416,3.158,5.658,85.61,125.73,183.48,33.87,53.08,57.6,0.7031,0.5192,0.4415
333,Maritime_Vessel,3,C:\Users\BHAKTI\OneDrive\Desktop\Quantum_Radio_Image_DataFusion\backend\data_storage\sample_images\sample_0333_maritime_vessel.png,-62.53,14.78,9.301,30.0,0.82,0.49,93.78,3.857,6.09,0.5817,2.484,5.273,102.68,102.03,156.76,37.76,43.26,56.15,0.8191,0.4079,0.2946
334,Maritime_Vessel,3,C:\Users\BHAKTI\OneDrive\Desktop\Quantum_Radio_Image_DataFusion\backend\data_storage\sample_images\sample_0334_maritime_vessel.png,-67.88,15.31,1.548,30.0,0.935,0.6026,88.44,3.312,6.76,0.7404,2.444,6.197,81.8,137.22,167.19,33.78,37.02,41.77,0.6933,0.5823,0.3942
335,Maritime_Vessel,3,C:\Users\BHAKTI\OneDrive\Desktop\Quantum_Radio_Image_DataFusion\backend\data_storage\sample_images\sample_0335_maritime_vessel.png,-68.17,22.84,3.006,15.0,0.765,0.481,84.41,5.232,6.57,0.7168,2.493,5.252,82.63,110.76,137.41,37.59,41.6,47.54,0.6721,0.683,0.3984
336,Maritime_Vessel,3,C:\Users\BHAKTI\OneDrive\Desktop\Quantum_Radio_Image_DataFusion\backend\data_storage\sample_images\sample_0336_maritime_vessel.png,-74.88,13.52,2.963,30.0,0.823,0.693,85.3,4.279,5.53,0.6199,2.995,5.505,85.23,151.59,165.3,44.46,34.29,50.07,0.8282,0.5905,0.2966
337,Maritime_Vessel,3,C:\Users\BHAKTI\OneDrive\Desktop\Quantum_Radio_Image_DataFusion\backend\data_storage\sample_images\sample_0337_maritime_vessel.png,-71.19,17.03,2.993,30.0,0.925,0.4301,91.86,3.082,6.66,0.5701,2.124,5.636,117.09,175.0,171.46,43.58,43.39,48.99,0.6492,0.5337,0.4169
338,Maritime_Vessel,3,C:\Users\BHAKTI\OneDrive\Desktop\Quantum_Radio_Image_DataFusion\backend\data_storage\sample_images\sample_0338_maritime_vessel.png,-70.89,17.69,1.556,15.0,1.824,0.5332,95.77,4.138,6.98,0.6483,2.442,5.642,125.57,139.5,173.95,34.41,52.26,57.63,0.7567,0.5658,0.3783
339,Maritime_Vessel,3,C:\Users\BHAKTI\OneDrive\Desktop\Quantum_Radio_Image_DataFusion\backend\data_storage\sample_images\sample_0339_maritime_vessel.png,-66.04,14.66,1.561,15.0,1.046,0.5251,82.64,3.271,6.79,0.5418,3.277,5.591,89.13,143.82,184.44,42.73,48.44,42.21,0.6532,0.5738,0.3636
340,Maritime_Vessel,3,C:\Users\BHAKTI\OneDrive\Desktop\Quantum_Radio_Image_DataFusion\backend\data_storage\sample_images\sample_0340_maritime_vessel.png,-68.03,19.6,9.301,30.0,1.564,0.4824,86.69,4.256,7.98,0.6437,2.673,5.825,111.28,156.89,190.11,42.35,54.51,48.63,0.7093,0.6771,0.2537
341,Maritime_Vessel,3,C:\Users\BHAKTI\OneDrive\Desktop\Quantum_Radio_Image_DataFusion\backend\data_storage\sample_images\sample_0341_maritime_vessel.png,-69.07,23.01,9.304,15.0,1.097,0.5779,80.36,3.359,7.75,0.5445,2.49,5.79,75.27,159.08,188.36,30.14,36.41,32.29,0.6096,0.5736,0.3693
342,Maritime_Vessel,3,C:\Users\BHAKTI\OneDrive\Desktop\Quantum_Radio_Image_DataFusion\backend\data_storage\sample_images\sample_0342_maritime_vessel.png,-65.7,11.91,2.981,30.0,1.031,0.555,83.87,3.829,6.15,0.597,2.821,6.131,108.77,137.18,190.96,36.47,34.25,57.53,0.728,0.4126,0.468
343,Maritime_Vessel,3,C:\Users\BHAKTI\OneDrive\Desktop\Quantum_Radio_Image_DataFusion\backend\data_storage\sample_images\sample_0343_maritime_vessel.png,-71.72,15.9,2.99,15.0,1.241,0.6159,92.27,5.121,9.67,0.6791,2.603,5.73,108.65,123.31,160.22,36.46,29.37,46.83,0.5102,0.5237,0.4333
344,Maritime_Vessel,3,C:\Users\BHAKTI\OneDrive\Desktop\Quantum_Radio_Image_DataFusion\backend\data_storage\sample_images\sample_0344_maritime_vessel.png,-70.38,24.71,3.014,15.0,1.547,0.5441,99.61,2.904,8.08,0.591,2.583,5.122,103.19,134.34,186.31,38.88,30.41,52.58,0.4988,0.3891,0.3441
345,Maritime_Vessel,3,C:\Users\BHAKTI\OneDrive\Desktop\Quantum_Radio_Image_DataFusion\backend\data_storage\sample_images\sample_0345_maritime_vessel.png,-72.52,23.58,1.56,30.0,0.675,0.4744,89.44,4.008,6.47,0.6066,2.637,6.11,60.99,135.35,179.37,38.97,49.86,45.55,0.6634,0.5615,0.395
346,Maritime_Vessel,3,C:\Users\BHAKTI\OneDrive\Desktop\Quantum_Radio_Image_DataFusion\backend\data_storage\sample_images\sample_0346_maritime_vessel.png,-69.95,20.06,3.007,15.0,0.294,0.587,88.64,4.491,4.67,0.5244,2.578,5.409,90.08,127.96,192.97,26.53,43.82,50.97,0.7431,0.5751,0.4366
347,Maritime_Vessel,3,C:\Users\BHAKTI\OneDrive\Desktop\Quantum_Radio_Image_DataFusion\backend\data_storage\sample_images\sample_0347_maritime_vessel.png,-71.02,13.59,1.572,30.0,0.567,0.6177,93.03,4.712,7.85,0.6318,2.517,5.971,93.97,133.03,154.66,45.78,42.68,38.64,0.6873,0.5059,0.3779
348,Maritime_Vessel,3,C:\Users\BHAKTI\OneDrive\Desktop\Quantum_Radio_Image_DataFusion\backend\data_storage\sample_images\sample_0348_maritime_vessel.png,-65.12,17.2,1.554,15.0,0.991,0.6315,80.81,3.844,8.19,0.6483,2.518,4.826,109.51,145.85,200.84,35.02,33.27,51.97,0.6631,0.564,0.471
349,Maritime_Vessel,3,C:\Users\BHAKTI\OneDrive\Desktop\Quantum_Radio_Image_DataFusion\backend\data_storage\sample_images\sample_0349_maritime_vessel.png,-66.06,18.67,1.568,15.0,0.547,0.4477,90.11,5.601,7.83,0.7415,2.613,5.807,87.39,170.69,182.62,32.42,53.12,41.6,0.6812,0.5528,0.4175
350,Maritime_Vessel,3,C:\Users\BHAKTI\OneDrive\Desktop\Quantum_Radio_Image_DataFusion\backend\data_storage\sample_images\sample_0350_maritime_vessel.png,-65.58,13.47,1.546,15.0,1.11,0.5645,89.31,3.465,9.26,0.6572,2.868,5.361,109.3,131.14,174.16,33.33,36.02,50.13,0.6401,0.4602,0.3578
351,Maritime_Vessel,3,C:\Users\BHAKTI\OneDrive\Desktop\Quantum_Radio_Image_DataFusion\backend\data_storage\sample_images\sample_0351_maritime_vessel.png,-64.51,15.48,1.56,15.0,0.777,0.5144,83.94,3.979,9.58,0.6319,3.031,6.053,92.84,113.23,168.59,38.73,49.67,46.12,0.5712,0.5892,0.3786
352,Maritime_Vessel,3,C:\Users\BHAKTI\OneDrive\Desktop\Quantum_Radio_Image_DataFusion\backend\data_storage\sample_images\sample_0352_maritime_vessel.png,-80.73,19.3,3.02,15.0,0.804,0.4292,82.76,5.66,7.69,0.5235,2.915,4.992,85.39,143.45,188.21,26.31,46.27,51.17,0.6299,0.5264,0.2374
353,Maritime_Vessel,3,C:\Users\BHAKTI\OneDrive\Desktop\Quantum_Radio_Image_DataFusion\backend\data_storage\sample_images\sample_0353_maritime_vessel.png,-81.74,22.43,9.298,15.0,1.314,0.4803,89.61,4.739,6.25,0.5817,2.542,5.509,89.37,135.73,188.52,36.02,38.74,37.97,0.6599,0.5379,0.3038
354,Maritime_Vessel,3,C:\Users\BHAKTI\OneDrive\Desktop\Quantum_Radio_Image_DataFusion\backend\data_storage\sample_images\sample_0354_maritime_vessel.png,-69.71,22.64,9.292,15.0,0.482,0.6044,89.6,3.601,6.45,0.6151,3.094,5.22,82.1,145.95,180.15,40.78,42.49,39.61,0.6178,0.5989,0.4287
355,Maritime_Vessel,3,C:\Users\BHAKTI\OneDrive\Desktop\Quantum_Radio_Image_DataFusion\backend\data_storage\sample_images\sample_0355_maritime_vessel.png,-74.67,21.48,3.0,15.0,1.093,0.509,87.22,4.827,8.18,0.7225,2.772,5.077,82.9,179.15,180.87,49.85,50.37,47.45,0.7071,0.5174,0.3031
356,Maritime_Vessel,3,C:\Users\BHAKTI\OneDrive\Desktop\Quantum_Radio_Image_DataFusion\backend\data_storage\sample_images\sample_0356_maritime_vessel.png,-67.91,22.84,1.565,30.0,0.602,0.4831,88.57,3.235,6.5,0.7327,2.364,5.928,59.05,156.75,150.95,33.62,46.08,47.62,0.7605,0.4305,0.3757
357,Maritime_Vessel,3,C:\Users\BHAKTI\OneDrive\Desktop\Quantum_Radio_Image_DataFusion\backend\data_storage\sample_images\sample_0357_maritime_vessel.png,-71.09,13.56,9.31,15.0,1.029,0.4487,86.47,5.662,6.49,0.6634,2.288,5.205,109.51,145.37,175.23,26.39,38.68,49.64,0.5496,0.4952,0.4283
358,Maritime_Vessel,3,C:\Users\BHAKTI\OneDrive\Desktop\Quantum_Radio_Image_DataFusion\backend\data_storage\sample_images\sample_0358_maritime_vessel.png,-75.56,11.28,9.308,15.0,0.697,0.6442,80.79,6.753,7.84,0.6797,2.418,5.549,88.39,161.94,176.01,40.72,45.2,49.77,0.5549,0.6634,0.3461
359,Maritime_Vessel,3,C:\Users\BHAKTI\OneDrive\Desktop\Quantum_Radio_Image_DataFusion\backend\data_storage\sample_images\sample_0359_maritime_vessel.png,-68.19,24.13,9.306,15.0,0.867,0.6105,77.42,4.967,4.93,0.6207,2.138,5.841,91.04,123.44,191.52,33.52,23.81,49.08,0.521,0.4594,0.3641
360,Maritime_Vessel,3,C:\Users\BHAKTI\OneDrive\Desktop\Quantum_Radio_Image_DataFusion\backend\data_storage\sample_images\sample_0360_maritime_vessel.png,-75.12,16.03,1.561,30.0,0.622,0.5915,81.38,3.994,7.72,0.5859,2.633,5.025,99.46,161.47,211.88,38.46,46.73,35.32,0.8152,0.5743,0.3658
361,Maritime_Vessel,3,C:\Users\BHAKTI\OneDrive\Desktop\Quantum_Radio_Image_DataFusion\backend\data_storage\sample_images\sample_0361_maritime_vessel.png,-61.81,16.98,2.998,15.0,0.986,0.458,80.72,5.343,6.36,0.5825,2.811,5.504,84.3,128.0,135.12,33.17,49.09,42.76,0.509,0.4494,0.408
362,Maritime_Vessel,3,C:\Users\BHAKTI\OneDrive\Desktop\Quantum_Radio_Image_DataFusion\backend\data_storage\sample_images\sample_0362_maritime_vessel.png,-66.3,16.82,3.009,15.0,0.708,0.493,95.9,2.821,4.97,0.7015,2.355,5.233,104.77,127.54,183.66,34.95,44.18,42.93,0.5972,0.6411,0.4458
363,Maritime_Vessel,3,C:\Users\BHAKTI\OneDrive\Desktop\Quantum_Radio_Image_DataFusion\backend\data_storage\sample_images\sample_0363_maritime_vessel.png,-71.63,17.29,3.008,15.0,0.346,0.511,87.39,4.523,4.29,0.5423,2.933,5.284,97.95,138.95,188.23,31.18,44.37,45.61,0.6089,0.4642,0.4014
364,Maritime_Vessel,3,C:\Users\BHAKTI\OneDrive\Desktop\Quantum_Radio_Image_DataFusion\backend\data_storage\sample_images\sample_0364_maritime_vessel.png,-64.85,18.25,9.302,30.0,0.567,0.4909,86.66,5.218,6.79,0.5908,2.419,5.089,102.81,124.41,157.83,40.65,41.94,42.85,0.753,0.4804,0.2812
365,Maritime_Vessel,3,C:\Users\BHAKTI\OneDrive\Desktop\Quantum_Radio_Image_DataFusion\backend\data_storage\sample_images\sample_0365_maritime_vessel.png,-61.33,14.69,2.998,15.0,0.977,0.6971,90.99,3.778,7.58,0.7061,2.443,5.061,63.05,154.08,167.13,39.46,38.55,38.39,0.5827,0.4261,0.4325
366,Maritime_Vessel,3,C:\Users\BHAKTI\OneDrive\Desktop\Quantum_Radio_Image_DataFusion\backend\data_storage\sample_images\sample_0366_maritime_vessel.png,-60.54,18.15,3.003,30.0,1.375,0.6564,84.95,2.627,7.28,0.6853,2.346,6.106,76.15,127.78,160.03,29.46,36.04,41.73,0.6683,0.3099,0.4258
367,Maritime_Vessel,3,C:\Users\BHAKTI\OneDrive\Desktop\Quantum_Radio_Image_DataFusion\backend\data_storage\sample_images\sample_0367_maritime_vessel.png,-64.47,22.73,3.004,15.0,0.623,0.4788,88.37,4.439,8.38,0.5936,2.86,4.749,87.68,125.74,163.17,37.49,48.83,39.08,0.4831,0.4473,0.4411
368,Maritime_Vessel,3,C:\Users\BHAKTI\OneDrive\Desktop\Quantum_Radio_Image_DataFusion\backend\data_storage\sample_images\sample_0368_maritime_vessel.png,-76.22,15.71,9.314,15.0,0.602,0.6721,87.4,3.063,6.95,0.6733,2.91,5.793,86.23,147.88,160.39,38.92,46.5,49.46,0.7339,0.5602,0.3376
369,Maritime_Vessel,3,C:\Users\BHAKTI\OneDrive\Desktop\Quantum_Radio_Image_DataFusion\backend\data_storage\sample_images\sample_0369_maritime_vessel.png,-67.91,14.36,3.011,15.0,1.001,0.6484,101.47,4.374,8.08,0.6734,2.718,5.899,86.28,125.06,147.11,36.29,47.41,40.36,0.7022,0.5114,0.359
370,Maritime_Vessel,3,C:\Users\BHAKTI\OneDrive\Desktop\Quantum_Radio_Image_DataFusion\backend\data_storage\sample_images\sample_0370_maritime_vessel.png,-77.27,23.45,9.319,15.0,0.675,0.465,95.33,3.42,7.15,0.8223,2.769,4.83,85.9,129.57,172.83,37.78,45.28,36.83,0.6307,0.5418,0.3519
371,Maritime_Vessel,3,C:\Users\BHAKTI\OneDrive\Desktop\Quantum_Radio_Image_DataFusion\backend\data_storage\sample_images\sample_0371_maritime_vessel.png,-62.52,15.03,2.985,30.0,0.888,0.5286,81.38,3.861,6.76,0.7845,2.673,5.602,103.23,135.0,186.83,36.14,39.16,40.12,0.8465,0.5151,0.3313
372,Maritime_Vessel,3,C:\Users\BHAKTI\OneDrive\Desktop\Quantum_Radio_Image_DataFusion\backend\data_storage\sample_images\sample_0372_maritime_vessel.png,-67.02,15.4,3.001,30.0,0.468,0.4923,88.09,3.895,6.82,0.6259,3.146,5.868,102.13,159.12,183.54,32.34,47.32,52.09,0.7387,0.5063,0.4173
373,Maritime_Vessel,3,C:\Users\BHAKTI\OneDrive\Desktop\Quantum_Radio_Image_DataFusion\backend\data_storage\sample_images\sample_0373_maritime_vessel.png,-68.1,14.09,9.293,30.0,0.537,0.5988,86.87,5.534,8.34,0.7157,2.504,5.534,63.99,126.6,181.86,40.82,36.12,53.69,0.9476,0.4568,0.3797
374,Maritime_Vessel,3,C:\Users\BHAKTI\OneDrive\Desktop\Quantum_Radio_Image_DataFusion\backend\data_storage\sample_images\sample_0374_maritime_vessel.png,-71.11,17.62,2.998,15.0,0.845,0.5579,85.29,3.956,7.5,0.7693,2.619,5.281,84.03,146.3,159.23,37.83,44.84,42.15,0.5212,0.445,0.3471
375,Maritime_Vessel,3,C:\Users\BHAKTI\OneDrive\Desktop\Quantum_Radio_Image_DataFusion\backend\data_storage\sample_images\sample_0375_maritime_vessel.png,-69.14,18.18,1.568,30.0,0.583,0.5793,88.32,4.401,6.93,0.7005,2.257,5.861,96.3,137.99,169.85,28.55,50.32,51.03,0.5935,0.5731,0.3994
376,Maritime_Vessel,3,C:\Users\BHAKTI\OneDrive\Desktop\Quantum_Radio_Image_DataFusion\backend\data_storage\sample_images\sample_0376_maritime_vessel.png,-70.92,22.77,9.296,30.0,1.207,0.4927,87.74,5.396,7.07,0.7246,2.123,6.443,90.86,151.1,173.28,33.88,41.78,34.54,0.742,0.5336,0.3804
377,Maritime_Vessel,3,C:\Users\BHAKTI\OneDrive\Desktop\Quantum_Radio_Image_DataFusion\backend\data_storage\sample_images\sample_0377_maritime_vessel.png,-64.24,18.15,2.987,15.0,0.704,0.6371,82.18,4.995,6.39,0.5548,2.739,5.59,64.18,156.23,163.78,40.55,51.63,47.49,0.7946,0.4596,0.461
378,Maritime_Vessel,3,C:\Users\BHAKTI\OneDrive\Desktop\Quantum_Radio_Image_DataFusion\backend\data_storage\sample_images\sample_0378_maritime_vessel.png,-72.13,15.72,9.294,30.0,0.62,0.6039,90.27,3.955,7.71,0.7074,3.0,5.578,86.69,137.87,152.75,37.03,46.47,49.85,0.6557,0.5352,0.3488
379,Maritime_Vessel,3,C:\Users\BHAKTI\OneDrive\Desktop\Quantum_Radio_Image_DataFusion\backend\data_storage\sample_images\sample_0379_maritime_vessel.png,-64.48,17.69,2.999,15.0,0.95,0.3987,83.5,4.652,8.48,0.6853,3.343,5.555,76.91,131.7,165.2,37.66,36.11,50.7,0.7134,0.4315,0.4384
380,Maritime_Vessel,3,C:\Users\BHAKTI\OneDrive\Desktop\Quantum_Radio_Image_DataFusion\backend\data_storage\sample_images\sample_0380_maritime_vessel.png,-72.06,13.27,2.999,15.0,1.059,0.7349,86.74,3.125,6.69,0.6079,2.345,5.927,102.15,117.67,180.88,45.63,53.42,63.19,0.5988,0.7177,0.3723
381,Maritime_Vessel,3,C:\Users\BHAKTI\OneDrive\Desktop\Quantum_Radio_Image_DataFusion\backend\data_storage\sample_images\sample_0381_maritime_vessel.png,-70.96,19.31,1.55,30.0,0.422,0.542,82.56,4.343,5.9,0.5409,3.04,4.987,103.29,106.58,179.44,36.96,49.93,44.01,0.4991,0.5068,0.398
382,Maritime_Vessel,3,C:\Users\BHAKTI\OneDrive\Desktop\Quantum_Radio_Image_DataFusion\backend\data_storage\sample_images\sample_0382_maritime_vessel.png,-68.66,20.3,9.285,15.0,0.462,0.5665,87.51,4.227,7.9,0.6282,2.819,5.894,114.1,127.28,169.83,31.91,52.96,34.15,0.8315,0.5265,0.4109
383,Maritime_Vessel,3,C:\Users\BHAKTI\OneDrive\Desktop\Quantum_Radio_Image_DataFusion\backend\data_storage\sample_images\sample_0383_maritime_vessel.png,-68.83,18.12,9.303,30.0,1.03,0.5532,77.18,4.462,7.71,0.5942,2.346,5.787,95.43,138.4,170.13,35.17,55.63,44.21,0.6021,0.5238,0.381
384,Maritime_Vessel,3,C:\Users\BHAKTI\OneDrive\Desktop\Quantum_Radio_Image_DataFusion\backend\data_storage\sample_images\sample_0384_maritime_vessel.png,-69.61,25.5,2.989,30.0,0.638,0.3725,87.44,3.1,7.89,0.6688,2.368,6.026,102.08,149.64,170.13,30.92,47.87,44.38,0.5549,0.6146,0.495
385,Maritime_Vessel,3,C:\Users\BHAKTI\OneDrive\Desktop\Quantum_Radio_Image_DataFusion\backend\data_storage\sample_images\sample_0385_maritime_vessel.png,-68.21,26.64,2.997,15.0,0.786,0.6843,83.59,3.76,6.63,0.6119,2.331,5.712,94.69,155.08,143.6,33.28,46.83,47.1,0.684,0.6085,0.3395
386,Maritime_Vessel,3,C:\Users\BHAKTI\OneDrive\Desktop\Quantum_Radio_Image_DataFusion\backend\data_storage\sample_images\sample_0386_maritime_vessel.png,-71.64,14.61,1.571,30.0,1.232,0.5434,95.45,4.614,6.48,0.6554,2.544,5.723,98.71,153.14,169.64,46.19,47.45,41.76,0.8789,0.5429,0.3482
387,Maritime_Vessel,3,C:\Users\BHAKTI\OneDrive\Desktop\Quantum_Radio_Image_DataFusion\backend\data_storage\sample_images\sample_0387_maritime_vessel.png,-59.74,26.31,3.005,15.0,0.728,0.698,79.26,5.01,8.14,0.7206,2.669,5.939,86.26,122.98,155.79,30.79,39.35,47.87,0.6613,0.5339,0.4517
388,Maritime_Vessel,3,C:\Users\BHAKTI\OneDrive\Desktop\Quantum_Radio_Image_DataFusion\backend\data_storage\sample_images\sample_0388_maritime_vessel.png,-70.59,27.36,2.982,30.0,0.515,0.5402,91.32,2.076,6.48,0.6492,2.987,5.481,118.97,108.07,139.75,43.09,27.9,48.77,0.6535,0.4569,0.3687
389,Maritime_Vessel,3,C:\Users\BHAKTI\OneDrive\Desktop\Quantum_Radio_Image_DataFusion\backend\data_storage\sample_images\sample_0389_maritime_vessel.png,-74.45,16.73,1.557,15.0,0.911,0.4442,89.85,5.04,9.13,0.6735,2.532,5.794,88.8,147.98,190.01,37.16,52.54,53.13,0.6816,0.567,0.4053
390,Maritime_Vessel,3,C:\Users\BHAKTI\OneDrive\Desktop\Quantum_Radio_Image_DataFusion\backend\data_storage\sample_images\sample_0390_maritime_vessel.png,-67.89,25.65,1.55,30.0,1.108,0.7129,88.0,3.862,8.02,0.6464,2.135,5.928,83.92,156.31,168.13,45.2,44.55,51.84,0.6357,0.5447,0.3037
391,Maritime_Vessel,3,C:\Users\BHAKTI\OneDrive\Desktop\Quantum_Radio_Image_DataFusion\backend\data_storage\sample_images\sample_0391_maritime_vessel.png,-68.64,12.06,9.304,15.0,0.644,0.5969,84.91,3.355,8.2,0.5915,2.389,5.654,61.07,140.86,172.94,43.61,39.0,53.95,0.7277,0.5181,0.4808
392,Maritime_Vessel,3,C:\Users\BHAKTI\OneDrive\Desktop\Quantum_Radio_Image_DataFusion\backend\data_storage\sample_images\sample_0392_maritime_vessel.png,-67.52,15.93,1.556,30.0,1.119,0.6964,84.56,3.674,7.96,0.6483,2.747,5.666,82.73,137.94,184.6,43.38,39.06,47.39,0.8129,0.4872,0.3575
393,Maritime_Vessel,3,C:\Users\BHAKTI\OneDrive\Desktop\Quantum_Radio_Image_DataFusion\backend\data_storage\sample_images\sample_0393_maritime_vessel.png,-64.03,20.48,9.309,30.0,0.516,0.4569,95.1,4.869,7.12,0.609,2.281,5.558,99.98,122.85,171.58,36.16,50.28,42.18,0.7499,0.6176,0.3711
394,Maritime_Vessel,3,C:\Users\BHAKTI\OneDrive\Desktop\Quantum_Radio_Image_DataFusion\backend\data_storage\sample_images\sample_0394_maritime_vessel.png,-70.94,21.69,1.568,15.0,0.346,0.5737,83.21,4.821,6.8,0.6047,2.194,5.952,84.21,137.73,154.46,40.18,37.43,45.15,0.759,0.5754,0.3889
395,Maritime_Vessel,3,C:\Users\BHAKTI\OneDrive\Desktop\Quantum_Radio_Image_DataFusion\backend\data_storage\sample_images\sample_0395_maritime_vessel.png,-76.84,29.97,1.553,30.0,0.896,0.3729,84.4,5.759,8.73,0.5994,2.787,5.833,112.36,111.74,153.97,27.95,37.93,52.4,0.6296,0.4284,0.4013
396,Maritime_Vessel,3,C:\Users\BHAKTI\OneDrive\Desktop\Quantum_Radio_Image_DataFusion\backend\data_storage\sample_images\sample_0396_maritime_vessel.png,-66.74,13.93,9.301,30.0,0.402,0.5867,90.58,2.666,6.5,0.6097,2.407,5.013,96.31,155.79,169.81,41.24,41.74,43.35,0.7627,0.42,0.2968
397,Maritime_Vessel,3,C:\Users\BHAKTI\OneDrive\Desktop\Quantum_Radio_Image_DataFusion\backend\data_storage\sample_images\sample_0397_maritime_vessel.png,-75.21,21.41,2.992,15.0,0.652,0.4432,94.22,4.647,8.81,0.653,2.974,5.251,80.8,103.27,184.58,40.1,35.96,35.51,0.7054,0.6373,0.3831
398,Maritime_Vessel,3,C:\Users\BHAKTI\OneDrive\Desktop\Quantum_Radio_Image_DataFusion\backend\data_storage\sample_images\sample_0398_maritime_vessel.png,-71.29,14.25,1.569,30.0,0.656,0.4175,81.53,5.52,8.34,0.5562,2.053,5.702,85.56,137.73,179.52,33.22,39.41,40.61,0.6023,0.5595,0.3972
399,Maritime_Vessel,3,C:\Users\BHAKTI\OneDrive\Desktop\Quantum_Radio_Image_DataFusion\backend\data_storage\sample_images\sample_0399_maritime_vessel.png,-75.81,20.9,9.284,15.0,0.719,0.4421,87.47,3.298,4.8,0.7744,2.709,6.364,74.35,142.2,183.42,37.05,33.33,44.41,0.7364,0.5612,0.3899
400,Maritime_Vessel,3,C:\Users\BHAKTI\OneDrive\Desktop\Quantum_Radio_Image_DataFusion\backend\data_storage\sample_images\sample_0400_maritime_vessel.png,-63.51,21.4,9.292,30.0,1.038,0.4727,87.15,4.754,7.86,0.5602,2.682,6.199,101.23,136.4,141.04,36.75,51.88,53.91,0.7215,0.4696,0.3926
401,Clutter_Noise,4,C:\Users\BHAKTI\OneDrive\Desktop\Quantum_Radio_Image_DataFusion\backend\data_storage\sample_images\sample_0401_clutter_noise.png,-88.91,3.85,5.385,10.0,-0.151,1.0917,115.91,0.79,3.69,0.1247,0.987,4.495,193.05,206.9,188.82,21.08,23.92,17.13,0.2406,0.8613,0.7927
402,Clutter_Noise,4,C:\Users\BHAKTI\OneDrive\Desktop\Quantum_Radio_Image_DataFusion\backend\data_storage\sample_images\sample_0402_clutter_noise.png,-93.92,-0.3,5.439,10.0,0.078,0.9633,111.71,1.077,5.05,0.2685,0.903,3.545,189.98,189.33,184.25,14.66,14.49,19.51,0.3255,0.7607,0.7186
403,Clutter_Noise,4,C:\Users\BHAKTI\OneDrive\Desktop\Quantum_Radio_Image_DataFusion\backend\data_storage\sample_images\sample_0403_clutter_noise.png,-88.74,-4.01,3.234,40.0,0.354,1.026,109.19,1.21,3.86,0.2604,1.118,3.708,192.46,183.85,197.62,21.67,16.57,18.43,0.2862,0.8096,0.7031
404,Clutter_Noise,4,C:\Users\BHAKTI\OneDrive\Desktop\Quantum_Radio_Image_DataFusion\backend\data_storage\sample_images\sample_0404_clutter_noise.png,-87.14,1.46,3.68,10.0,0.102,0.7639,114.5,0.765,3.63,0.2175,1.158,4.41,198.63,184.28,202.57,19.67,15.06,16.28,0.2172,0.7701,0.6613
405,Clutter_Noise,4,C:\Users\BHAKTI\OneDrive\Desktop\Quantum_Radio_Image_DataFusion\backend\data_storage\sample_images\sample_0405_clutter_noise.png,-92.59,3.39,5.807,20.0,0.164,1.0074,124.76,1.294,3.89,0.1742,1.037,2.402,183.16,182.94,166.36,15.22,20.43,16.69,0.2551,0.8323,0.7246
406,Clutter_Noise,4,C:\Users\BHAKTI\OneDrive\Desktop\Quantum_Radio_Image_DataFusion\backend\data_storage\sample_images\sample_0406_clutter_noise.png,-87.03,1.81,3.686,40.0,-0.242,0.8616,107.48,1.358,4.11,0.2987,0.948,3.123,193.96,194.25,181.69,20.03,17.89,16.7,0.3082,0.845,0.7115
407,Clutter_Noise,4,C:\Users\BHAKTI\OneDrive\Desktop\Quantum_Radio_Image_DataFusion\backend\data_storage\sample_images\sample_0407_clutter_noise.png,-86.59,-4.41,3.12,20.0,0.155,1.0718,115.57,1.903,3.71,0.3038,0.809,3.86,183.58,177.92,163.39,17.22,17.03,16.52,0.2862,0.7877,0.8079
408,Clutter_Noise,4,C:\Users\BHAKTI\OneDrive\Desktop\Quantum_Radio_Image_DataFusion\backend\data_storage\sample_images\sample_0408_clutter_noise.png,-94.15,3.01,3.909,10.0,0.068,0.8849,124.96,1.04,2.73,0.2607,0.861,3.596,183.28,202.62,178.29,14.57,16.59,12.31,0.2395,0.8908,0.7824
409,Clutter_Noise,4,C:\Users\BHAKTI\OneDrive\Desktop\Quantum_Radio_Image_DataFusion\backend\data_storage\sample_images\sample_0409_clutter_noise.png,-83.84,2.7,1.404,40.0,0.273,0.8272,110.7,0.697,4.28,0.2496,1.072,3.435,178.39,182.21,177.59,18.76,18.55,21.22,0.252,0.8344,0.7236
410,Clutter_Noise,4,C:\Users\BHAKTI\OneDrive\Desktop\Quantum_Radio_Image_DataFusion\backend\data_storage\sample_images\sample_0410_clutter_noise.png,-93.31,2.39,5.254,10.0,-0.034,0.9386,124.23,0.937,3.72,0.2439,0.913,3.569,169.48,207.14,166.52,17.03,17.9,21.74,0.1838,0.8993,0.7579
411,Clutter_Noise,4,C:\Users\BHAKTI\OneDrive\Desktop\Quantum_Radio_Image_DataFusion\backend\data_storage\sample_images\sample_0411_clutter_noise.png,-90.33,-0.96,1.75,20.0,-0.073,0.9497,109.91,0.849,3.53,0.2359,1.0,3.524,181.75,190.49,190.5,19.73,17.37,12.34,0.1511,0.8174,0.6203
412,Clutter_Noise,4,C:\Users\BHAKTI\OneDrive\Desktop\Quantum_Radio_Image_DataFusion\backend\data_storage\sample_images\sample_0412_clutter_noise.png,-92.8,5.01,4.089,10.0,-0.181,1.1224,111.26,1.613,3.78,0.2121,0.973,3.051,167.64,197.24,172.98,17.19,15.81,15.23,0.2247,0.8712,0.6905
413,Clutter_Noise,4,C:\Users\BHAKTI\OneDrive\Desktop\Quantum_Radio_Image_DataFusion\backend\data_storage\sample_images\sample_0413_clutter_noise.png,-85.14,4.35,4.739,40.0,-0.122,0.8217,115.88,1.394,4.59,0.1825,1.138,4.053,182.4,174.68,181.0,24.48,14.83,14.42,0.2529,0.8417,0.6207
414,Clutter_Noise,4,C:\Users\BHAKTI\OneDrive\Desktop\Quantum_Radio_Image_DataFusion\backend\data_storage\sample_images\sample_0414_clutter_noise.png,-86.78,4.73,3.518,10.0,-0.035,1.0892,116.25,0.258,4.21,0.2815,1.079,3.701,167.78,177.8,184.11,19.23,21.64,15.57,0.2703,0.8207,0.6707
415,Clutter_Noise,4,C:\Users\BHAKTI\OneDrive\Desktop\Quantum_Radio_Image_DataFusion\backend\data_storage\sample_images\sample_0415_clutter_noise.png,-101.02,2.58,1.142,40.0,-0.274,1.0445,113.4,1.423,5.69,0.1129,0.895,3.406,199.55,168.64,199.36,18.41,17.71,15.41,0.2282,0.8619,0.6666
416,Clutter_Noise,4,C:\Users\BHAKTI\OneDrive\Desktop\Quantum_Radio_Image_DataFusion\backend\data_storage\sample_images\sample_0416_clutter_noise.png,-90.62,0.54,3.475,10.0,-0.102,1.1663,116.13,0.435,4.16,0.2418,0.849,3.381,172.23,178.87,189.12,20.04,13.81,13.89,0.2529,0.8291,0.6869
417,Clutter_Noise,4,C:\Users\BHAKTI\OneDrive\Desktop\Quantum_Radio_Image_DataFusion\backend\data_storage\sample_images\sample_0417_clutter_noise.png,-90.09,1.41,4.328,40.0,0.159,0.8801,125.24,0.494,3.22,0.1929,0.947,4.159,185.49,183.07,167.3,21.26,14.59,12.18,0.23,0.8265,0.684
418,Clutter_Noise,4,C:\Users\BHAKTI\OneDrive\Desktop\Quantum_Radio_Image_DataFusion\backend\data_storage\sample_images\sample_0418_clutter_noise.png,-89.17,0.79,4.452,20.0,0.261,1.0226,120.97,1.784,3.7,0.1636,0.937,3.185,189.31,170.97,162.46,16.96,20.18,12.92,0.2925,0.8346,0.7973
419,Clutter_Noise,4,C:\Users\BHAKTI\OneDrive\Desktop\Quantum_Radio_Image_DataFusion\backend\data_storage\sample_images\sample_0419_clutter_noise.png,-95.21,-2.52,4.387,40.0,0.279,1.1411,121.32,1.338,5.07,0.2171,1.093,3.408,174.43,193.65,192.75,25.42,18.79,12.86,0.2336,0.8146,0.7274
420,Clutter_Noise,4,C:\Users\BHAKTI\OneDrive\Desktop\Quantum_Radio_Image_DataFusion\backend\data_storage\sample_images\sample_0420_clutter_noise.png,-90.12,2.41,2.656,20.0,0.205,0.9841,115.52,1.42,3.91,0.2312,1.083,3.428,191.76,185.7,181.57,9.23,14.57,12.58,0.2608,0.8709,0.7141
421,Clutter_Noise,4,C:\Users\BHAKTI\OneDrive\Desktop\Quantum_Radio_Image_DataFusion\backend\data_storage\sample_images\sample_0421_clutter_noise.png,-88.61,3.12,5.715,20.0,0.153,1.2857,113.08,1.406,2.67,0.2003,1.233,3.475,190.02,178.77,182.58,22.9,14.52,22.56,0.1727,0.8006,0.6782
422,Clutter_Noise,4,C:\Users\BHAKTI\OneDrive\Desktop\Quantum_Radio_Image_DataFusion\backend\data_storage\sample_images\sample_0422_clutter_noise.png,-93.09,-0.62,4.547,40.0,-0.135,0.9292,112.74,2.463,4.93,0.2407,0.965,3.297,183.69,187.93,161.2,13.29,16.09,16.62,0.238,0.8791,0.6459
423,Clutter_Noise,4,C:\Users\BHAKTI\OneDrive\Desktop\Quantum_Radio_Image_DataFusion\backend\data_storage\sample_images\sample_0423_clutter_noise.png,-95.01,5.3,5.506,20.0,0.098,0.897,121.62,1.544,4.03,0.3059,1.028,2.843,186.0,190.17,178.67,16.77,23.29,12.44,0.1118,0.8848,0.6587
424,Clutter_Noise,4,C:\Users\BHAKTI\OneDrive\Desktop\Quantum_Radio_Image_DataFusion\backend\data_storage\sample_images\sample_0424_clutter_noise.png,-93.15,0.56,5.665,10.0,0.296,1.1901,112.63,0.988,3.23,0.2588,1.077,2.997,163.36,189.15,185.29,15.04,14.44,17.97,0.3428,0.8002,0.676
425,Clutter_Noise,4,C:\Users\BHAKTI\OneDrive\Desktop\Quantum_Radio_Image_DataFusion\backend\data_storage\sample_images\sample_0425_clutter_noise.png,-90.8,3.09,5.927,20.0,-0.155,1.0024,118.7,1.423,4.6,0.1846,0.771,3.325,173.54,189.33,188.74,18.52,18.0,15.07,0.299,0.7468,0.6597
426,Clutter_Noise,4,C:\Users\BHAKTI\OneDrive\Desktop\Quantum_Radio_Image_DataFusion\backend\data_storage\sample_images\sample_0426_clutter_noise.png,-84.69,-1.64,2.561,20.0,0.156,0.9627,119.11,1.325,4.25,0.2066,1.012,3.718,187.67,188.81,193.43,18.8,16.05,18.65,0.1817,0.7767,0.7368
427,Clutter_Noise,4,C:\Users\BHAKTI\OneDrive\Desktop\Quantum_Radio_Image_DataFusion\backend\data_storage\sample_images\sample_0427_clutter_noise.png,-89.93,-1.61,1.467,20.0,0.371,1.0193,110.83,1.598,6.09,0.2322,1.083,3.805,168.96,180.89,174.86,20.5,20.16,15.64,0.2213,0.7525,0.7192
428,Clutter_Noise,4,C:\Users\BHAKTI\OneDrive\Desktop\Quantum_Radio_Image_DataFusion\backend\data_storage\sample_images\sample_0428_clutter_noise.png,-95.82,-1.2,2.343,40.0,0.235,0.7146,110.05,1.597,4.57,0.1964,1.009,2.566,163.49,204.77,185.07,18.0,16.81,10.71,0.2997,0.7745,0.7552
429,Clutter_Noise,4,C:\Users\BHAKTI\OneDrive\Desktop\Quantum_Radio_Image_DataFusion\backend\data_storage\sample_images\sample_0429_clutter_noise.png,-91.47,1.37,2.61,20.0,0.085,1.1226,118.31,1.321,3.97,0.2538,1.124,3.384,175.51,175.58,188.79,13.37,23.03,14.63,0.2655,0.8481,0.6858
430,Clutter_Noise,4,C:\Users\BHAKTI\OneDrive\Desktop\Quantum_Radio_Image_DataFusion\backend\data_storage\sample_images\sample_0430_clutter_noise.png,-93.84,1.83,1.392,40.0,-0.121,0.9221,121.42,1.38,3.55,0.2339,1.123,3.272,186.29,171.63,185.49,17.83,20.74,17.56,0.2296,0.7861,0.6662
431,Clutter_Noise,4,C:\Users\BHAKTI\OneDrive\Desktop\Quantum_Radio_Image_DataFusion\backend\data_storage\sample_images\sample_0431_clutter_noise.png,-94.03,3.72,2.933,20.0,-0.22,0.905,108.97,1.251,3.91,0.2288,1.003,3.056,191.27,184.51,170.11,24.72,19.43,15.54,0.3208,0.8937,0.7127
432,Clutter_Noise,4,C:\Users\BHAKTI\OneDrive\Desktop\Quantum_Radio_Image_DataFusion\backend\data_storage\sample_images\sample_0432_clutter_noise.png,-90.61,-0.97,5.152,20.0,0.021,0.8684,119.48,1.4,4.38,0.2219,0.68,2.954,183.69,200.19,185.65,23.44,18.25,15.91,0.3213,0.8136,0.6707
433,Clutter_Noise,4,C:\Users\BHAKTI\OneDrive\Desktop\Quantum_Radio_Image_DataFusion\backend\data_storage\sample_images\sample_0433_clutter_noise.png,-90.73,4.31,4.567,20.0,0.309,1.0133,115.82,1.292,5.34,0.2438,1.228,3.311,171.64,178.31,174.37,22.81,20.21,14.09,0.2904,0.8148,0.8017
434,Clutter_Noise,4,C:\Users\BHAKTI\OneDrive\Desktop\Quantum_Radio_Image_DataFusion\backend\data_storage\sample_images\sample_0434_clutter_noise.png,-93.33,-2.35,1.837,20.0,0.013,0.8041,105.88,0.665,3.34,0.1544,1.303,2.802,194.37,184.75,182.25,15.28,18.98,13.26,0.2961,0.8602,0.7133
435,Clutter_Noise,4,C:\Users\BHAKTI\OneDrive\Desktop\Quantum_Radio_Image_DataFusion\backend\data_storage\sample_images\sample_0435_clutter_noise.png,-92.28,2.58,5.141,40.0,0.111,1.1222,117.05,0.681,2.18,0.2274,0.968,3.06,167.99,177.65,178.06,20.0,18.57,20.82,0.1982,0.8552,0.7224
436,Clutter_Noise,4,C:\Users\BHAKTI\OneDrive\Desktop\Quantum_Radio_Image_DataFusion\backend\data_storage\sample_images\sample_0436_clutter_noise.png,-89.22,0.41,1.321,40.0,0.264,0.9482,113.56,1.396,3.26,0.2185,1.059,3.515,198.47,192.74,179.93,18.65,18.89,17.21,0.1587,0.8079,0.6458
437,Clutter_Noise,4,C:\Users\BHAKTI\OneDrive\Desktop\Quantum_Radio_Image_DataFusion\backend\data_storage\sample_images\sample_0437_clutter_noise.png,-86.89,1.35,5.459,10.0,-0.067,1.1615,111.72,1.506,4.34,0.1307,1.287,3.097,172.3,178.61,205.31,14.24,18.53,12.63,0.2024,0.756,0.7358
438,Clutter_Noise,4,C:\Users\BHAKTI\OneDrive\Desktop\Quantum_Radio_Image_DataFusion\backend\data_storage\sample_images\sample_0438_clutter_noise.png,-92.64,-1.33,4.154,20.0,0.225,1.2127,111.54,1.365,3.25,0.1736,1.17,3.665,196.63,195.86,159.1,14.41,18.82,10.91,0.1973,0.8771,0.6929
439,Clutter_Noise,4,C:\Users\BHAKTI\OneDrive\Desktop\Quantum_Radio_Image_DataFusion\backend\data_storage\sample_images\sample_0439_clutter_noise.png,-89.16,1.43,2.327,20.0,-0.026,0.997,116.66,1.164,3.4,0.2187,1.28,3.323,195.47,185.39,171.99,17.11,17.95,17.97,0.369,0.8222,0.6585
440,Clutter_Noise,4,C:\Users\BHAKTI\OneDrive\Desktop\Quantum_Radio_Image_DataFusion\backend\data_storage\sample_images\sample_0440_clutter_noise.png,-98.62,0.45,4.981,10.0,-0.176,1.0638,117.69,1.813,4.54,0.3124,1.081,3.978,181.76,185.14,189.11,22.84,20.19,15.75,0.3189,0.7323,0.6489
441,Clutter_Noise,4,C:\Users\BHAKTI\OneDrive\Desktop\Quantum_Radio_Image_DataFusion\backend\data_storage\sample_images\sample_0441_clutter_noise.png,-89.27,1.54,3.651,10.0,0.394,1.0306,114.23,1.687,4.32,0.3,0.899,2.983,165.0,183.95,167.65,14.25,21.1,10.83,0.2552,0.8167,0.7246
442,Clutter_Noise,4,C:\Users\BHAKTI\OneDrive\Desktop\Quantum_Radio_Image_DataFusion\backend\data_storage\sample_images\sample_0442_clutter_noise.png,-86.46,-0.56,0.991,20.0,0.327,1.0117,109.16,1.298,4.65,0.2179,1.005,3.7,182.19,193.9,193.71,15.22,23.3,15.09,0.3497,0.8084,0.7554
443,Clutter_Noise,4,C:\Users\BHAKTI\OneDrive\Desktop\Quantum_Radio_Image_DataFusion\backend\data_storage\sample_images\sample_0443_clutter_noise.png,-89.19,0.53,4.944,20.0,0.143,0.8289,116.67,1.136,3.89,0.1807,1.018,3.38,187.85,193.2,182.32,18.75,16.38,19.52,0.2076,0.7555,0.6665
444,Clutter_Noise,4,C:\Users\BHAKTI\OneDrive\Desktop\Quantum_Radio_Image_DataFusion\backend\data_storage\sample_images\sample_0444_clutter_noise.png,-87.86,2.65,3.78,20.0,0.312,0.9366,124.66,0.824,2.75,0.2509,1.052,3.046,169.7,200.37,194.14,10.54,16.63,20.99,0.2262,0.8004,0.7059
445,Clutter_Noise,4,C:\Users\BHAKTI\OneDrive\Desktop\Quantum_Radio_Image_DataFusion\backend\data_storage\sample_images\sample_0445_clutter_noise.png,-96.48,-2.76,0.886,40.0,-0.084,0.7407,118.85,1.201,3.87,0.2955,1.201,3.415,192.22,162.61,190.93,14.74,13.64,10.64,0.1569,0.8632,0.7516
446,Clutter_Noise,4,C:\Users\BHAKTI\OneDrive\Desktop\Quantum_Radio_Image_DataFusion\backend\data_storage\sample_images\sample_0446_clutter_noise.png,-95.06,3.64,1.416,10.0,-0.069,0.932,109.55,0.896,4.64,0.2552,0.938,2.814,209.71,185.37,183.12,14.22,21.65,20.1,0.1646,0.8159,0.711
447,Clutter_Noise,4,C:\Users\BHAKTI\OneDrive\Desktop\Quantum_Radio_Image_DataFusion\backend\data_storage\sample_images\sample_0447_clutter_noise.png,-82.45,5.11,2.796,10.0,-0.095,0.925,108.6,1.537,3.62,0.2018,0.997,4.005,202.59,203.27,167.18,16.88,16.31,17.11,0.2655,0.7967,0.6869
448,Clutter_Noise,4,C:\Users\BHAKTI\OneDrive\Desktop\Quantum_Radio_Image_DataFusion\backend\data_storage\sample_images\sample_0448_clutter_noise.png,-95.99,-5.14,4.485,20.0,-0.21,0.9389,119.6,1.394,5.34,0.237,1.091,3.465,179.97,189.91,195.03,16.15,17.26,16.08,0.2842,0.8338,0.7657
449,Clutter_Noise,4,C:\Users\BHAKTI\OneDrive\Desktop\Quantum_Radio_Image_DataFusion\backend\data_storage\sample_images\sample_0449_clutter_noise.png,-84.1,-0.1,4.475,40.0,-0.102,0.8435,115.78,0.775,4.54,0.2623,1.08,2.704,194.95,194.37,188.3,19.12,18.66,19.1,0.3462,0.7819,0.7739
450,Clutter_Noise,4,C:\Users\BHAKTI\OneDrive\Desktop\Quantum_Radio_Image_DataFusion\backend\data_storage\sample_images\sample_0450_clutter_noise.png,-92.34,1.18,1.489,10.0,-0.257,0.8804,108.41,1.02,3.88,0.2248,0.758,2.85,188.62,177.03,190.75,18.68,19.82,20.23,0.2345,0.797,0.7636
451,Clutter_Noise,4,C:\Users\BHAKTI\OneDrive\Desktop\Quantum_Radio_Image_DataFusion\backend\data_storage\sample_images\sample_0451_clutter_noise.png,-89.96,1.03,1.657,40.0,0.168,0.8568,117.99,1.482,4.47,0.2659,0.928,3.812,187.33,176.9,160.93,12.92,11.37,17.28,0.2338,0.8235,0.711
452,Clutter_Noise,4,C:\Users\BHAKTI\OneDrive\Desktop\Quantum_Radio_Image_DataFusion\backend\data_storage\sample_images\sample_0452_clutter_noise.png,-89.67,3.03,5.492,20.0,0.059,0.9631,108.78,1.671,3.74,0.2348,1.028,3.521,183.3,168.48,169.98,21.37,19.29,21.73,0.1981,0.8188,0.7782
453,Clutter_Noise,4,C:\Users\BHAKTI\OneDrive\Desktop\Quantum_Radio_Image_DataFusion\backend\data_storage\sample_images\sample_0453_clutter_noise.png,-94.26,0.29,0.801,40.0,0.036,1.0332,121.97,1.874,3.6,0.12,0.964,2.785,212.35,176.27,185.64,20.8,19.02,22.23,0.2399,0.7866,0.6757
454,Clutter_Noise,4,C:\Users\BHAKTI\OneDrive\Desktop\Quantum_Radio_Image_DataFusion\backend\data_storage\sample_images\sample_0454_clutter_noise.png,-89.0,1.03,5.254,40.0,-0.127,1.0455,112.15,0.987,4.71,0.2558,0.941,2.786,182.93,191.24,198.05,14.41,16.72,14.83,0.3178,0.8186,0.6746
455,Clutter_Noise,4,C:\Users\BHAKTI\OneDrive\Desktop\Quantum_Radio_Image_DataFusion\backend\data_storage\sample_images\sample_0455_clutter_noise.png,-89.77,0.49,5.608,40.0,-0.118,0.8902,117.83,0.848,4.38,0.2313,0.906,3.384,175.56,198.83,182.58,14.85,18.38,16.51,0.1378,0.8736,0.6705
456,Clutter_Noise,4,C:\Users\BHAKTI\OneDrive\Desktop\Quantum_Radio_Image_DataFusion\backend\data_storage\sample_images\sample_0456_clutter_noise.png,-83.64,3.49,5.341,10.0,-0.175,0.7903,117.29,1.135,5.09,0.2168,1.126,3.188,180.65,185.1,178.53,17.28,15.38,11.24,0.2816,0.8408,0.6893
457,Clutter_Noise,4,C:\Users\BHAKTI\OneDrive\Desktop\Quantum_Radio_Image_DataFusion\backend\data_storage\sample_images\sample_0457_clutter_noise.png,-90.48,1.08,2.448,20.0,0.114,1.0545,112.35,1.294,4.25,0.2658,0.955,3.602,189.37,181.78,171.75,16.01,19.23,15.29,0.2376,0.8442,0.771
458,Clutter_Noise,4,C:\Users\BHAKTI\OneDrive\Desktop\Quantum_Radio_Image_DataFusion\backend\data_storage\sample_images\sample_0458_clutter_noise.png,-87.23,-0.03,3.453,20.0,0.235,1.0119,124.46,0.457,3.79,0.1137,1.005,3.622,200.91,186.21,190.44,19.75,16.69,11.77,0.2638,0.7603,0.7848
459,Clutter_Noise,4,C:\Users\BHAKTI\OneDrive\Desktop\Quantum_Radio_Image_DataFusion\backend\data_storage\sample_images\sample_0459_clutter_noise.png,-92.65,4.49,4.577,40.0,0.092,0.9432,112.4,1.357,3.46,0.1595,1.186,3.827,185.66,201.65,177.32,21.97,18.53,12.93,0.3424,0.8596,0.7139
460,Clutter_Noise,4,C:\Users\BHAKTI\OneDrive\Desktop\Quantum_Radio_Image_DataFusion\backend\data_storage\sample_images\sample_0460_clutter_noise.png,-89.09,0.49,3.212,40.0,0.216,0.7239,112.08,1.531,4.16,0.2651,1.187,4.358,178.45,185.81,175.59,12.0,20.1,17.69,0.2227,0.7561,0.7008
461,Clutter_Noise,4,C:\Users\BHAKTI\OneDrive\Desktop\Quantum_Radio_Image_DataFusion\backend\data_storage\sample_images\sample_0461_clutter_noise.png,-89.08,4.84,4.817,20.0,0.12,1.1076,112.2,1.019,4.5,0.2486,0.849,4.276,178.57,194.65,184.52,19.82,16.13,10.83,0.2489,0.8193,0.6721
462,Clutter_Noise,4,C:\Users\BHAKTI\OneDrive\Desktop\Quantum_Radio_Image_DataFusion\backend\data_storage\sample_images\sample_0462_clutter_noise.png,-88.33,1.37,4.971,20.0,-0.112,1.0833,111.7,1.022,3.46,0.1426,1.015,4.276,202.38,191.08,173.97,13.65,21.14,17.34,0.2342,0.8007,0.75
463,Clutter_Noise,4,C:\Users\BHAKTI\OneDrive\Desktop\Quantum_Radio_Image_DataFusion\backend\data_storage\sample_images\sample_0463_clutter_noise.png,-95.31,2.1,3.854,20.0,-0.087,1.0473,107.81,1.135,4.91,0.275,1.114,3.438,178.34,174.22,195.04,18.31,18.86,19.5,0.2793,0.8149,0.7572
464,Clutter_Noise,4,C:\Users\BHAKTI\OneDrive\Desktop\Quantum_Radio_Image_DataFusion\backend\data_storage\sample_images\sample_0464_clutter_noise.png,-94.49,-2.38,0.807,10.0,0.332,0.8691,113.17,1.114,3.72,0.2751,1.056,3.363,172.24,188.04,155.49,18.7,22.03,16.19,0.3103,0.7708,0.8219
465,Clutter_Noise,4,C:\Users\BHAKTI\OneDrive\Desktop\Quantum_Radio_Image_DataFusion\backend\data_storage\sample_images\sample_0465_clutter_noise.png,-87.61,2.69,1.107,10.0,-0.235,1.0249,115.77,1.454,3.8,0.1263,0.932,3.683,195.15,173.28,190.27,16.06,19.09,14.47,0.2591,0.8557,0.6586
466,Clutter_Noise,4,C:\Users\BHAKTI\OneDrive\Desktop\Quantum_Radio_Image_DataFusion\backend\data_storage\sample_images\sample_0466_clutter_noise.png,-94.72,1.96,5.956,40.0,0.53,0.9461,121.82,1.416,5.74,0.1715,0.926,3.079,184.22,173.75,164.74,11.6,11.41,17.97,0.2272,0.7706,0.687
467,Clutter_Noise,4,C:\Users\BHAKTI\OneDrive\Desktop\Quantum_Radio_Image_DataFusion\backend\data_storage\sample_images\sample_0467_clutter_noise.png,-94.11,-0.91,1.151,40.0,-0.009,1.0562,114.03,1.112,4.22,0.2239,1.104,3.815,199.22,186.68,163.39,20.57,22.05,23.39,0.3226,0.8004,0.7294
468,Clutter_Noise,4,C:\Users\BHAKTI\OneDrive\Desktop\Quantum_Radio_Image_DataFusion\backend\data_storage\sample_images\sample_0468_clutter_noise.png,-93.08,0.48,2.689,20.0,0.027,1.0849,126.46,1.332,3.94,0.242,1.177,3.572,189.85,192.05,171.25,19.38,13.97,14.02,0.3073,0.8548,0.7065
469,Clutter_Noise,4,C:\Users\BHAKTI\OneDrive\Desktop\Quantum_Radio_Image_DataFusion\backend\data_storage\sample_images\sample_0469_clutter_noise.png,-85.18,-1.78,5.424,20.0,0.147,0.9047,130.18,1.109,4.02,0.1802,1.019,3.777,197.04,170.11,177.54,19.34,19.76,16.02,0.2771,0.7876,0.7979
470,Clutter_Noise,4,C:\Users\BHAKTI\OneDrive\Desktop\Quantum_Radio_Image_DataFusion\backend\data_storage\sample_images\sample_0470_clutter_noise.png,-88.03,-1.86,4.358,40.0,-0.165,0.9461,114.23,1.557,4.13,0.1906,1.029,3.751,168.82,195.07,193.06,19.64,15.2,15.02,0.3091,0.7809,0.7514
471,Clutter_Noise,4,C:\Users\BHAKTI\OneDrive\Desktop\Quantum_Radio_Image_DataFusion\backend\data_storage\sample_images\sample_0471_clutter_noise.png,-92.2,1.9,5.199,10.0,-0.034,1.2593,112.59,1.346,4.65,0.1654,0.935,3.781,189.28,165.06,185.94,16.35,16.43,17.21,0.3261,0.812,0.779
472,Clutter_Noise,4,C:\Users\BHAKTI\OneDrive\Desktop\Quantum_Radio_Image_DataFusion\backend\data_storage\sample_images\sample_0472_clutter_noise.png,-97.76,1.83,1.594,10.0,-0.058,0.7488,109.68,0.543,3.15,0.244,0.962,3.604,203.16,182.04,186.34,18.08,26.29,6.95,0.2141,0.8462,0.6824
473,Clutter_Noise,4,C:\Users\BHAKTI\OneDrive\Desktop\Quantum_Radio_Image_DataFusion\backend\data_storage\sample_images\sample_0473_clutter_noise.png,-89.74,1.35,2.156,20.0,-0.069,1.0072,122.81,0.481,4.41,0.136,1.328,3.735,188.87,166.27,174.96,16.5,23.3,18.19,0.1674,0.8388,0.6449
474,Clutter_Noise,4,C:\Users\BHAKTI\OneDrive\Desktop\Quantum_Radio_Image_DataFusion\backend\data_storage\sample_images\sample_0474_clutter_noise.png,-98.52,2.63,4.391,10.0,0.199,0.9423,117.25,1.154,3.25,0.2667,1.075,4.538,174.84,193.23,166.88,18.47,20.93,9.78,0.2398,0.7975,0.6849
475,Clutter_Noise,4,C:\Users\BHAKTI\OneDrive\Desktop\Quantum_Radio_Image_DataFusion\backend\data_storage\sample_images\sample_0475_clutter_noise.png,-90.46,4.3,5.549,10.0,-0.164,1.004,122.39,1.316,4.12,0.1933,1.217,3.413,209.9,173.17,182.9,22.24,15.93,15.29,0.2813,0.8355,0.748
476,Clutter_Noise,4,C:\Users\BHAKTI\OneDrive\Desktop\Quantum_Radio_Image_DataFusion\backend\data_storage\sample_images\sample_0476_clutter_noise.png,-87.36,0.63,3.893,10.0,0.337,0.9733,108.39,1.826,4.84,0.1616,1.152,4.05,173.58,173.35,173.9,13.75,15.66,14.8,0.2752,0.8232,0.7126
477,Clutter_Noise,4,C:\Users\BHAKTI\OneDrive\Desktop\Quantum_Radio_Image_DataFusion\backend\data_storage\sample_images\sample_0477_clutter_noise.png,-93.93,-1.77,1.134,10.0,-0.303,1.0725,126.44,1.262,4.39,0.181,0.964,3.726,196.32,189.46,198.18,18.3,14.63,12.72,0.3117,0.8603,0.6378
478,Clutter_Noise,4,C:\Users\BHAKTI\OneDrive\Desktop\Quantum_Radio_Image_DataFusion\backend\data_storage\sample_images\sample_0478_clutter_noise.png,-92.84,1.07,2.745,10.0,-0.1,0.9588,107.63,1.072,5.31,0.2359,0.997,4.353,171.39,173.91,197.13,18.14,17.27,12.4,0.2724,0.8418,0.6653
479,Clutter_Noise,4,C:\Users\BHAKTI\OneDrive\Desktop\Quantum_Radio_Image_DataFusion\backend\data_storage\sample_images\sample_0479_clutter_noise.png,-92.56,0.66,1.577,10.0,0.083,0.7433,116.92,1.501,5.41,0.2903,0.896,2.749,178.68,194.77,176.1,17.93,16.33,20.74,0.1993,0.8227,0.7754
480,Clutter_Noise,4,C:\Users\BHAKTI\OneDrive\Desktop\Quantum_Radio_Image_DataFusion\backend\data_storage\sample_images\sample_0480_clutter_noise.png,-84.63,-0.24,4.731,20.0,0.242,1.0708,108.19,1.108,4.85,0.2562,1.135,3.554,178.48,184.41,180.47,18.73,15.1,15.2,0.2456,0.7303,0.7616
481,Clutter_Noise,4,C:\Users\BHAKTI\OneDrive\Desktop\Quantum_Radio_Image_DataFusion\backend\data_storage\sample_images\sample_0481_clutter_noise.png,-91.34,2.16,5.077,40.0,0.089,0.8559,117.14,1.979,3.28,0.2562,0.632,3.395,187.29,177.52,162.13,17.89,22.6,15.56,0.2779,0.8651,0.8436
482,Clutter_Noise,4,C:\Users\BHAKTI\OneDrive\Desktop\Quantum_Radio_Image_DataFusion\backend\data_storage\sample_images\sample_0482_clutter_noise.png,-96.21,-0.87,2.805,40.0,-0.008,1.0802,116.36,0.844,3.43,0.2327,1.105,3.676,174.65,191.51,184.26,14.79,15.65,18.07,0.2383,0.8836,0.7451
483,Clutter_Noise,4,C:\Users\BHAKTI\OneDrive\Desktop\Quantum_Radio_Image_DataFusion\backend\data_storage\sample_images\sample_0483_clutter_noise.png,-93.95,1.47,1.134,40.0,-0.133,1.0552,120.07,1.442,5.41,0.1929,1.251,3.095,174.87,167.4,175.54,16.49,19.58,16.73,0.1904,0.8043,0.7014
484,Clutter_Noise,4,C:\Users\BHAKTI\OneDrive\Desktop\Quantum_Radio_Image_DataFusion\backend\data_storage\sample_images\sample_0484_clutter_noise.png,-99.1,-0.95,4.627,10.0,-0.104,0.7022,115.21,1.825,3.64,0.2112,1.154,3.84,185.62,184.41,167.64,19.47,13.97,9.8,0.3004,0.8355,0.764
485,Clutter_Noise,4,C:\Users\BHAKTI\OneDrive\Desktop\Quantum_Radio_Image_DataFusion\backend\data_storage\sample_images\sample_0485_clutter_noise.png,-94.95,2.67,5.392,10.0,0.215,0.8126,111.38,1.783,4.29,0.1465,1.033,3.795,190.24,175.62,198.87,13.5,18.33,21.21,0.2796,0.8534,0.6673
486,Clutter_Noise,4,C:\Users\BHAKTI\OneDrive\Desktop\Quantum_Radio_Image_DataFusion\backend\data_storage\sample_images\sample_0486_clutter_noise.png,-90.61,1.41,2.146,10.0,-0.176,0.8449,117.6,1.143,4.34,0.2098,1.212,3.084,180.35,189.81,170.12,14.9,18.41,18.6,0.2999,0.8237,0.6864
487,Clutter_Noise,4,C:\Users\BHAKTI\OneDrive\Desktop\Quantum_Radio_Image_DataFusion\backend\data_storage\sample_images\sample_0487_clutter_noise.png,-90.9,2.92,5.616,40.0,-0.008,0.8905,108.42,0.931,5.11,0.1165,1.011,3.513,186.18,192.27,180.61,16.64,16.03,19.9,0.3021,0.9351,0.706
488,Clutter_Noise,4,C:\Users\BHAKTI\OneDrive\Desktop\Quantum_Radio_Image_DataFusion\backend\data_storage\sample_images\sample_0488_clutter_noise.png,-94.55,2.63,4.97,10.0,0.136,1.0982,117.76,1.567,3.95,0.1872,0.838,3.662,174.6,203.49,166.92,18.82,22.7,17.8,0.2588,0.7813,0.6509
489,Clutter_Noise,4,C:\Users\BHAKTI\OneDrive\Desktop\Quantum_Radio_Image_DataFusion\backend\data_storage\sample_images\sample_0489_clutter_noise.png,-88.92,5.27,1.728,20.0,-0.167,0.8664,118.82,0.87,3.19,0.2446,0.993,3.405,196.1,195.89,197.81,16.05,19.29,16.06,0.2669,0.7746,0.6499
490,Clutter_Noise,4,C:\Users\BHAKTI\OneDrive\Desktop\Quantum_Radio_Image_DataFusion\backend\data_storage\sample_images\sample_0490_clutter_noise.png,-92.16,-0.61,2.785,40.0,0.238,0.8875,105.77,1.87,4.05,0.1899,1.07,3.898,187.07,184.32,170.17,19.89,22.25,15.34,0.2076,0.8273,0.7201
491,Clutter_Noise,4,C:\Users\BHAKTI\OneDrive\Desktop\Quantum_Radio_Image_DataFusion\backend\data_storage\sample_images\sample_0491_clutter_noise.png,-96.87,0.24,2.953,40.0,-0.088,0.8077,109.84,1.022,4.56,0.2854,1.03,3.192,200.4,164.31,186.73,14.92,17.85,17.69,0.1697,0.8257,0.7309
492,Clutter_Noise,4,C:\Users\BHAKTI\OneDrive\Desktop\Quantum_Radio_Image_DataFusion\backend\data_storage\sample_images\sample_0492_clutter_noise.png,-86.15,8.29,3.358,40.0,-0.261,1.0976,113.6,0.376,4.47,0.2501,0.912,3.239,207.58,178.42,168.78,18.08,19.72,17.6,0.1266,0.7936,0.7776
493,Clutter_Noise,4,C:\Users\BHAKTI\OneDrive\Desktop\Quantum_Radio_Image_DataFusion\backend\data_storage\sample_images\sample_0493_clutter_noise.png,-90.69,-1.59,4.259,20.0,0.068,0.8454,130.61,1.724,4.39,0.2583,0.838,3.029,196.14,185.05,178.44,17.14,18.46,15.24,0.1484,0.8766,0.7145
494,Clutter_Noise,4,C:\Users\BHAKTI\OneDrive\Desktop\Quantum_Radio_Image_DataFusion\backend\data_storage\sample_images\sample_0494_clutter_noise.png,-84.67,-2.91,5.334,40.0,-0.303,0.8998,118.39,1.309,5.02,0.2846,1.046,3.631,187.14,189.89,180.55,18.0,21.59,20.55,0.1746,0.8204,0.6856
495,Clutter_Noise,4,C:\Users\BHAKTI\OneDrive\Desktop\Quantum_Radio_Image_DataFusion\backend\data_storage\sample_images\sample_0495_clutter_noise.png,-93.24,2.51,3.017,20.0,0.177,0.739,114.29,1.19,3.91,0.1805,1.15,3.577,187.61,199.25,178.05,16.83,22.08,11.53,0.2526,0.7905,0.7346
496,Clutter_Noise,4,C:\Users\BHAKTI\OneDrive\Desktop\Quantum_Radio_Image_DataFusion\backend\data_storage\sample_images\sample_0496_clutter_noise.png,-89.71,3.07,1.874,10.0,0.255,1.029,120.33,0.68,4.45,0.2002,1.013,3.339,177.77,174.81,178.49,19.08,16.19,19.57,0.3729,0.8365,0.7179
497,Clutter_Noise,4,C:\Users\BHAKTI\OneDrive\Desktop\Quantum_Radio_Image_DataFusion\backend\data_storage\sample_images\sample_0497_clutter_noise.png,-95.65,2.43,3.865,40.0,0.203,1.1623,115.12,0.558,3.95,0.2276,0.879,3.763,175.93,185.26,177.72,19.85,17.96,15.41,0.2099,0.8214,0.707
498,Clutter_Noise,4,C:\Users\BHAKTI\OneDrive\Desktop\Quantum_Radio_Image_DataFusion\backend\data_storage\sample_images\sample_0498_clutter_noise.png,-95.48,1.9,5.312,10.0,0.123,1.3523,111.04,1.71,4.61,0.1943,1.079,3.714,181.68,189.28,191.63,19.53,16.74,14.57,0.2456,0.8645,0.6823
499,Clutter_Noise,4,C:\Users\BHAKTI\OneDrive\Desktop\Quantum_Radio_Image_DataFusion\backend\data_storage\sample_images\sample_0499_clutter_noise.png,-90.43,-2.41,5.021,20.0,0.074,0.9971,114.44,1.204,3.73,0.1824,0.85,2.874,176.2,183.26,181.03,17.19,10.93,20.72,0.3043,0.8378,0.8154
500,Clutter_Noise,4,C:\Users\BHAKTI\OneDrive\Desktop\Quantum_Radio_Image_DataFusion\backend\data_storage\sample_images\sample_0500_clutter_noise.png,-95.91,6.22,1.721,20.0,-0.143,1.0137,109.39,0.45,4.77,0.2025,0.853,3.117,200.15,189.64,164.78,14.44,17.12,17.43,0.2103,0.8131,0.7257
